Title,Note,URL,Tags,Comment
,,, Sharwarma; Grill; Sandwich,
Restaurante Cervantes,https://vm.tiktok.com/ZNRhRvPYK/,https://www.google.com/maps/place/Restaurante+Cervantes/data=!4m2!3m1!1s0x997fffbd36f807:0xab792762a8484e5b,,
Balcão - Comida de rua,https://vm.tiktok.com/ZNRrBwGGQ/,https://www.google.com/maps/place/Balc%C3%A3o+-+Comida+de+rua/data=!4m2!3m1!1s0x9bd5ae426f185d:0xf609554c29e2f9d6, Sharwarma,
Galeto Sat's,,https://www.google.com/maps/place/Galeto+Sat's/data=!4m2!3m1!1s0x997fffa2ea2d29:0x24abb43bf0e8e120, Grill,
Bar do Mané,Mortadella sando,https://www.google.com/maps/place/Bar+do+Man%C3%A9/data=!4m2!3m1!1s0x94ce58f8d4143a63:0x32b7685f282c668e, Sandwich,
