Title,Note,URL,Tags,Comment
,,,,
Petinos Montréal-Nord,,https://www.google.com/maps/place/Petinos+Montr%C3%A9al-Nord/data=!4m2!3m1!1s0x4cc91fae858029b5:0x3205c192bc41e209,,
2606 19th St #2606,,https://www.google.com/maps/place/2606+19th+St+%232606/data=!4m2!3m1!1s0x54a1b589ef7b4377:0xc6bdf20dde3e29be,,
Mitch Deli,,https://www.google.com/maps/place/Mitch+Deli/data=!4m2!3m1!1s0x4cc919d50c4d7bb7:0xeb1e10ea47852705,,
Sativa Sisters,,https://www.google.com/maps/place/Sativa+Sisters/data=!4m2!3m1!1s0x54a1cac0b3e1735d:0x3410c66e69e2cf5b,,
Roosters Waterfront Restaurant,,https://www.google.com/maps/place/Roosters+Waterfront+Restaurant/data=!4m2!3m1!1s0x54a1cadc75b1138d:0xd0989e32ab9c9f7d,,
