Title,Note,URL,Tags,Comment
,,,,
Chez Lucien,,https://www.google.com/maps/place/Chez+Lucien/data=!4m2!3m1!1s0x4cce04fd5ee7e299:0xa3876bc5300f0c27,,
Heartbreakers Pizza - Parkdale Ave,,https://www.google.com/maps/place/Heartbreakers+Pizza+-+Parkdale+Ave/data=!4m2!3m1!1s0x4cce054909cb42a7:0x281d63db54a3d982,,
DonDonYa,,https://www.google.com/maps/place/DonDonYa/data=!4m2!3m1!1s0x4cc91a6a74c75753:0xca09c709cdf4f941,,
DonDonYa (CDN),,https://www.google.com/maps/place/DonDonYa+(CDN)/data=!4m2!3m1!1s0x4cc9196b8239fdad:0xb94c10d7859193c0,,
Modavie,,https://www.google.com/maps/place/Modavie/data=!4m2!3m1!1s0x4cc91a57a7ff8e17:0x8dc02f1a54b8e0d6,,
Nonnas of the World,,https://www.google.com/maps/place/Nonnas+of+the+World/data=!4m2!3m1!1s0x89c24e2d2c37a5e1:0x330ab12b954d84e3,,
LE2 7PG,,https://www.google.com/maps/place/LE2+7PG/data=!4m2!3m1!1s0x487760d49fa7b99b:0x22dcf3b332731600,,
