Title,Note,URL,Tags,Comment
,,,,
Software Engineering Intern Fullstack Fall 2024,,/search?q=jobs+near+me&ibp=htl;jobs&htidocid=jUfD2sUU2p0AAAAAAAAAAA==&jbr=sep:1#fpstate=tldetail&htiq=jobs+near+me&htivrt=jobs,,
Software Engineering Intern,,/search?q=jobs+near+me&ibp=htl;jobs&htidocid=G90qalVvwUAAAAAAAAAAAA==&jbr=sep:1#fpstate=tldetail&htiq=jobs+near+me&htivrt=jobs,,
"2024 Winter Student Opportunities Technology & Operations - Software 
Developer, 4 Months",,/search?q=jobs+near+me&ibp=htl;jobs&htidocid=3haTzehba90AAAAAAAAAAA==&jbr=sep:1#fpstate=tldetail&htiq=jobs+near+me&htivrt=jobs,,
Ocean Software Developer Intern,,/search?q=jobs+near+me&ibp=htl;jobs&htidocid=2hltWGmUx1kAAAAAAAAAAA==&jbr=sep:1#fpstate=tldetail&htiq=jobs+near+me&htivrt=jobs,,
"Software Developer Intern, BS, Summer 2025",,/search?q=jobs+near+me&ibp=htl;jobs&htidocid=J9imMEu0aMgAAAAAAAAAAA==&jbr=sep:1#fpstate=tldetail&htiq=jobs+near+me&htivrt=jobs,,
