Title,Note,URL,Tags,Comment
,,,,
Hokkaido Soup Curry Suage SHIBUYA,,https://www.google.com/maps/place/Hokkaido+Soup+Curry+Suage+SHIBUYA/data=!4m2!3m1!1s0x60188be98b25b4b1:0xe409379fe431105c,,
Tsukiji Outer Market,"https://vm.tiktok.com/ZNdwb9k1d/

https://vm.tiktok.com/ZNRjEk6nV/",https://www.google.com/maps/place/Tsukiji+Outer+Market/data=!4m2!3m1!1s0x60188b21cd0b675b:0xa26e24a1bf97025c,,
Katsuo Shokudo,,https://www.google.com/maps/place/Katsuo+Shokudo/data=!4m2!3m1!1s0x60188b58b9a156e5:0xac430c2169731c76,,
Tendon Kaneko Hannosuke Tsukiji Main Branch,,https://www.google.com/maps/place/Tendon+Kaneko+Hannosuke+Tsukiji+Main+Branch/data=!4m2!3m1!1s0x60188b6d1bc48e1d:0x1c4d3b100fa67373,,
Blue Entrance Kitchen 東京中目黒店,,https://www.google.com/maps/place/Blue+Entrance+Kitchen+%E6%9D%B1%E4%BA%AC%E4%B8%AD%E7%9B%AE%E9%BB%92%E5%BA%97/data=!4m2!3m1!1s0x60188b43c247ca65:0x6623ff63d14c3be8,,
Osaka Tonkatsu (formerly Chiyomatsu),,https://www.google.com/maps/place/Osaka+Tonkatsu+(formerly+Chiyomatsu)/data=!4m2!3m1!1s0x6000e73f41abf7b1:0x4d411e1dd6a99638,,
Men-ya Inoichi,,https://www.google.com/maps/place/Men-ya+Inoichi/data=!4m2!3m1!1s0x600108be0e8efcb9:0x6c1bd116c4bb5b35,,
Rare Tendon Ginza Mitsuyoshi,https://vm.tiktok.com/ZNRef3sNs/,https://www.google.com/maps/place/Rare+Tendon+Ginza+Mitsuyoshi/data=!4m2!3m1!1s0x60188ba7fce06771:0xbe3046a4b88d8cde,,
Fūunji Shinjuku,,https://www.google.com/maps/place/F%C5%ABunji+Shinjuku/data=!4m2!3m1!1s0x60188ccfae1f4fe7:0x2d6a64fb6fab829c,,
Dekasan,https://vm.tiktok.com/ZNdKcCCUC/,https://www.google.com/maps/place/Dekasan/data=!4m2!3m1!1s0x6000e71299d3a087:0x5b2999d4b998d873,,
Tonkatsu Marushichi Ginza,,https://www.google.com/maps/place/Tonkatsu+Marushichi+Ginza/data=!4m2!3m1!1s0x60188b1c9ff98f01:0x5dba62c05f706af2,,
The Front Room Deli Restaurant Marunouchi,,https://www.google.com/maps/place/The+Front+Room+Deli+Restaurant+Marunouchi/data=!4m2!3m1!1s0x60188b91f72ecd45:0xd443b1b75ea0df0a,,
Age.3 ASAKUSA,https://vm.tiktok.com/ZNdwbPXVv/,https://www.google.com/maps/place/Age.3+ASAKUSA/data=!4m2!3m1!1s0x60188f00015fa903:0x9e8b0f2c573fcbdc,,
IZUMO Asakusa Yokocho,https://vm.tiktok.com/ZNdwbG1jn/,https://www.google.com/maps/place/IZUMO+Asakusa+Yokocho/data=!4m2!3m1!1s0x60188fb88a04bc39:0x955f35c5a6299f07,,
American Diner Andra,"Sizzling cheese burger

https://vm.tiktok.com/ZNdwbHQVP/",https://www.google.com/maps/place/American+Diner+Andra/data=!4m2!3m1!1s0x60188e99bc7f861b:0xed9efba3103a448d,,
