Title,Note,URL,Tags,Comment
,,, Bhajia,
Kirepwe Ecco Camp Watamu,,https://www.google.com/maps/place/Kirepwe+Ecco+Camp+Watamu/data=!4m2!3m1!1s0x183e2b20ba0714e3:0x7b85c3db4723b88,,
Original Maru Bhajia diamond plaza,,https://www.google.com/maps/place/Original+Maru+Bhajia+diamond+plaza/data=!4m2!3m1!1s0x182f171b6d71e173:0x894410c88fd669e9, Bhajia,
Aberdare Restaurant Nyali,,https://www.google.com/maps/place/Aberdare+Restaurant+Nyali/data=!4m2!3m1!1s0x184013df8b74f2bb:0x12e9f0e0e5958a32,,
Ngare Ndare Waterfall,Waterfall ,https://www.google.com/maps/place/Ngare+Ndare+Waterfall/data=!4m2!3m1!1s0x178809797c76f3c1:0x18b865becd75942d,,
pickled café & bar,,https://www.google.com/maps/place/pickled+caf%C3%A9+%26+bar/data=!4m2!3m1!1s0x182f1b4aa8e0a243:0xfbaf621d75149b23,,
GHOST BURGERS,,https://www.google.com/maps/place/GHOST+BURGERS/data=!4m2!3m1!1s0x182f1b0018a426ef:0x97515bdd269920cf,,
Green's Green Retreat,,https://www.google.com/maps/place/Green's+Green+Retreat/data=!4m2!3m1!1s0x182f278c5b951775:0x6fbe2b6bd6abf289,,
Matbronze Cafe,,https://www.google.com/maps/place/Matbronze+Cafe/data=!4m2!3m1!1s0x182f051b00801483:0x12cc9a457b9df09,,
Mariposa Residence,,https://www.google.com/maps/place/Mariposa+Residence/data=!4m2!3m1!1s0x18158fec82d4fd05:0x986b1395977105e3,,
Insideoutspa Malindi,,https://www.google.com/maps/place/Insideoutspa+Malindi/data=!4m2!3m1!1s0x181585002277ad9b:0x954e6a1a94e52461,,
MAMBRUI SAND DUNES ( DUBAI NDOGO)📌,,https://www.google.com/maps/place/MAMBRUI+SAND+DUNES+(+DUBAI+NDOGO)%F0%9F%93%8C/data=!4m2!3m1!1s0x1815edddd12952f9:0x13446d9ecf4a0484,,
Baby Marrow,,https://www.google.com/maps/place/Baby+Marrow/data=!4m2!3m1!1s0x18158fea9dc4bb77:0x26e19316f924ac9e,,
Lost Beach Club,,https://www.google.com/maps/place/Lost+Beach+Club/data=!4m2!3m1!1s0x18158f944c4f098d:0x933402ecac52bb94,,
"Adamz Barbecue, Mombasa",,"https://www.google.com/maps/place/Adamz+Barbecue,+Mombasa/data=!4m2!3m1!1s0x184012db4404aa69:0xbba57ee8941e2fd0",,
Poco Loco Bistro,,https://www.google.com/maps/place/Poco+Loco+Bistro/data=!4m2!3m1!1s0x18400de6f1fb60e5:0x72acff1adae16ad6,,
Amara Ridge By Cytonn Real Estate,Waks 🏠 #4,https://www.google.com/maps/place/Amara+Ridge+By+Cytonn+Real+Estate/data=!4m2!3m1!1s0x182f1bbe119cf0d7:0x36ff7772760cbed2,,
Kanunga waterfalls,,https://www.google.com/maps/place/Kanunga+waterfalls/data=!4m2!3m1!1s0x1828c78c4a84b453:0xcd2f62e7721c72a4,,
