Title,Note,URL,Tags,Comment
,,, Dumplings; Tacos; Indian; Cafe; Steak; Iranian; Sandwich; Pizza; Dessert; Poutine,
Petit Poisson Dumpling,"Dumplings 

https://vm.tiktok.com/ZNRhHsTN4/",https://www.google.com/maps/place/Petit+Poisson+Dumpling/data=!4m2!3m1!1s0x4cc91bda7b0c863b:0x22ccaa27078589c0, Dumplings,
Elio Pizzeria Ristorante,https://vm.tiktok.com/ZNRhHpH7y/,https://www.google.com/maps/place/Elio+Pizzeria+Ristorante/data=!4m2!3m1!1s0x4cc9196f8e52c419:0xeca3b1e6639be8b1, Pizza,
Mexico Restaurant,https://vm.tiktok.com/ZNRhRtXjc/,https://www.google.com/maps/place/Mexico+Restaurant/data=!4m2!3m1!1s0x4cc91949f0f6a1e9:0x6fc2b6c443db4442, Tacos,
Restaurant Canada Best,,https://www.google.com/maps/place/Restaurant+Canada+Best/data=!4m2!3m1!1s0x4cc9191bb0b5a08d:0x1c19c058c7b0b6bd, Indian,
Aylwin Deli,,https://www.google.com/maps/place/Aylwin+Deli/data=!4m2!3m1!1s0x4cc91b9d0ecbabe9:0xd55c44a502c005f9, Sandwich,
Canard Café Montréal - Ville Marie,,https://www.google.com/maps/place/Canard+Caf%C3%A9+Montr%C3%A9al+-+Ville+Marie/data=!4m2!3m1!1s0x4cc91ba48d0ea725:0x8737cabe5a3f0593, Cafe,
Maman Sady Restaurant,https://vm.tiktok.com/ZNRM2xg4v/,https://www.google.com/maps/place/Maman+Sady+Restaurant/data=!4m2!3m1!1s0x4cc91100652a48ad:0x968a8c9dcf8218a9, Iranian,
Soo Lebnene,Sandwich,https://www.google.com/maps/place/Soo+Lebnene/data=!4m2!3m1!1s0x4cc919e8fd3f9c41:0xaf4ee6a79225d4e, Sandwich,
Restaurant Pizzeria elForne,https://vm.tiktok.com/ZNRjEMnHo/,https://www.google.com/maps/place/Restaurant+Pizzeria+elForne/data=!4m2!3m1!1s0x4cc91fd5365bb2fb:0x8884fd58db684394, Pizza,
Boulangerie Délices Granada,,https://www.google.com/maps/place/Boulangerie+D%C3%A9lices+Granada/data=!4m2!3m1!1s0x4cb7b315b83b569b:0xfc85e2824fe15090,,
Restaurant nozy,,https://www.google.com/maps/place/Restaurant+nozy/data=!4m2!3m1!1s0x4cc9196f21f57f25:0xd54c2f4210f86b3,,
Mirella Gnoccheria,,https://www.google.com/maps/place/Mirella+Gnoccheria/data=!4m2!3m1!1s0x4cc91b9629022a8f:0xb920bc228b574274,,
Restaurant Phnom Penh,,https://www.google.com/maps/place/Restaurant+Phnom+Penh/data=!4m2!3m1!1s0x4cc919c7bacc80c5:0xf944ac39fb1457c0,,
Mont-Istanbul,Mixed sandwich with the Spicy Algerian sauce,https://www.google.com/maps/place/Mont-Istanbul/data=!4m2!3m1!1s0x4cc911a20f5a5f7d:0x684cc01008ae5a0e,,
EVA's - St. Henri,,https://www.google.com/maps/place/EVA's+-+St.+Henri/data=!4m2!3m1!1s0x4cc911e18aeb5e99:0x330daee80632d091,,
Pâtisserie Ol' Sweet,"Chimney cake

https://vm.tiktok.com/ZNRNXVvCK/",https://www.google.com/maps/place/P%C3%A2tisserie+Ol'+Sweet/data=!4m2!3m1!1s0x4cc91b104625f189:0xd43113cc6f2b6161, Dessert,
Knuckles,"$40 tasking menu - Wednesday 

https://vm.tiktok.com/ZNRNUXQcW/",https://www.google.com/maps/place/Knuckles/data=!4m2!3m1!1s0x4cc919bc8de6f169:0x97086a57c402a764,,
Thali Cuisine Indienne,"Lunch Menu - 7 days - 11:30 to 4pm
------
ーーーーーーーーー
CHANA BHUTRA - 10$
ALU PURI - 10$
MASALA DOSA - 10$
AMRITSARI KULCHA + CHANA - 10$
TANDOORI POULET CUISSE + NAAN - 8.50$
AGNEAU KABAB + NAN - 8.50$
CHANA SAMOSA - 7$
THALI 2 CHOIX (1 viande +1 vege ou 2 légumes) - 12$",https://www.google.com/maps/place/Thali+Cuisine+Indienne/data=!4m2!3m1!1s0x4cc91a6c78602f47:0x1a89eaa20415680c,,
Brasserie Harricana / Restaurant & Boutique,,https://www.google.com/maps/place/Brasserie+Harricana+%2F+Restaurant+%26+Boutique/data=!4m2!3m1!1s0x4cc9191214a60ff9:0xcfedc75c1677eda2,,
Chicken street (Cote-Vertu),Fried chicken,https://www.google.com/maps/place/Chicken+street+(Cote-Vertu)/data=!4m2!3m1!1s0x4cc919fe30b36473:0xdd2acedeec150aeb,,
L'Express,,https://www.google.com/maps/place/L'Express/data=!4m2!3m1!1s0x4cc91bcbed5cb6f3:0xbaad730ab1f964bd,,
KazaMaza,,https://www.google.com/maps/place/KazaMaza/data=!4m2!3m1!1s0x4cc91a2b69e665b7:0xc65dc9e530ff4d9e,,
Dosa Pointe,,https://www.google.com/maps/place/Dosa+Pointe/data=!4m2!3m1!1s0x4cc9190bd29292b1:0x327ef28fff562c6b,,
GUNAYDIN RESTAURANT MONTREAL,Turkish restaurant ,https://www.google.com/maps/place/GUNAYDIN+RESTAURANT+MONTREAL/data=!4m2!3m1!1s0x4cc9230072dd5edd:0xce800e52ee18e4e3,,
Tsak-Tsak Beaubien,,https://www.google.com/maps/place/Tsak-Tsak+Beaubien/data=!4m2!3m1!1s0x4cc9196e5b04565b:0x776f7989027f0603,,
Comptoir poutine,https://www.instagram.com/reel/DRKZbDhkSM4/?igsh=MWFoMWp6bTZzM3RvOA==,https://www.google.com/maps/place/Comptoir+poutine/data=!4m2!3m1!1s0x4cc90f76753202bd:0xd16df7125365645c, Poutine,
Pisa Panino,https://vm.tiktok.com/ZNdo8Ses3/,https://www.google.com/maps/place/Pisa+Panino/data=!4m2!3m1!1s0x4cc91967ca0beff1:0x97c9eb5181f94f5f,,
Gino’s Negroni & Lasagna,,https://www.google.com/maps/place/Gino%E2%80%99s+Negroni+%26+Lasagna/data=!4m2!3m1!1s0x4cc91bf1158160bf:0x687109dac6f4b892,,
LA PAELLA,,https://www.google.com/maps/place/LA+PAELLA/data=!4m2!3m1!1s0x4cc91bc51affcae1:0x30b6e69fce7d7fa3,,
Vedha | Indian Cuisine | Dosa Place,,https://www.google.com/maps/place/Vedha+%7C+Indian+Cuisine+%7C+Dosa+Place/data=!4m2!3m1!1s0x4cc91b02f6ddaafd:0x626447dcd694ad3e,,
TACOS MAYA,,https://www.google.com/maps/place/TACOS+MAYA/data=!4m2!3m1!1s0x4cc91b005a1ec2b3:0x72c0174eca6801b3,,
Pasticceria Alati-Caserta,,https://www.google.com/maps/place/Pasticceria+Alati-Caserta/data=!4m2!3m1!1s0x4cc9196ceaa8efcd:0xa2e31b34146ad0b6,,
Chez Tousignant,Poutine and hotdogs,https://www.google.com/maps/place/Chez+Tousignant/data=!4m2!3m1!1s0x4cc9196caefa09e7:0xfef17d4f594f0118,,
Mamie,,https://www.google.com/maps/place/Mamie/data=!4m2!3m1!1s0x4cc919021e34fe7b:0x92b5507241c7fa4c,,
Jack Flat BBQ,,https://www.google.com/maps/place/Jack+Flat+BBQ/data=!4m2!3m1!1s0x4cc9237bc061951d:0x42c131e3432a958c,,
Shawarma Moods Chomedey,Crispay sharwarma,https://www.google.com/maps/place/Shawarma+Moods+Chomedey/data=!4m2!3m1!1s0x4cc923ce87455251:0x9c3b3ddc61a92e29,,
Shawarma Moods Cote-des-neiges,Crispay sharwarma ,https://www.google.com/maps/place/Shawarma+Moods+Cote-des-neiges/data=!4m2!3m1!1s0x4cc919fee1a45d93:0xd938a960f6f7bf5c,,
"Snatch Restaurant Meilleur Tacos Francais, Burgers et Riz Tasty Crispy 
(Halal)",https://vm.tiktok.com/ZNdwbwfjH/,"https://www.google.com/maps/place/Snatch+Restaurant+Meilleur+Tacos+Francais,+Burgers+et+Riz+Tasty+Crispy+%0A(Halal)/data=!4m2!3m1!1s0x4cc91bc99533974f:0x3df87cfc0111512e",,
Maison Est | East House,https://vm.tiktok.com/ZNdw6AEQQ/,https://www.google.com/maps/place/Maison+Est+%7C+East+House/data=!4m2!3m1!1s0x4cc911611883bde7:0xb05fbbdce7d483f0,,
Chahat Paani Puri and Paan,,https://www.google.com/maps/place/Chahat+Paani+Puri+and+Paan/data=!4m2!3m1!1s0x4cc9190a174d1e25:0x521c6c60d30710ae,,
ILA sandwicherie,,https://www.google.com/maps/place/ILA+sandwicherie/data=!4m2!3m1!1s0x4cc91bbf61f430f5:0xfed7879bf532bdf4,,
Siamo Noi,Tiramisu desert,https://www.google.com/maps/place/Siamo+Noi/data=!4m2!3m1!1s0x4cc9190009a60e5f:0x6aaccdcf75931fa4,,
Bernice,,https://www.google.com/maps/place/Bernice/data=!4m2!3m1!1s0x4cc91190cb5963f9:0x67d08d77f8622297,,
SAE LOW,,https://www.google.com/maps/place/SAE+LOW/data=!4m2!3m1!1s0x4cc9195c3f32322d:0x9bede664c9eab085,,
Hum - Sushi Ramen Dumpling,,https://www.google.com/maps/place/Hum+-+Sushi+Ramen+Dumpling/data=!4m2!3m1!1s0x4cc91b4c3bb1c8d5:0xff9f721e844d6f76,,
Kazo Ramen Mont-Royal,,https://www.google.com/maps/place/Kazo+Ramen+Mont-Royal/data=!4m2!3m1!1s0x4cc91b005b33639b:0x586106ecfb908a0a,,
Yokato Yokabai Ramen,,https://www.google.com/maps/place/Yokato+Yokabai+Ramen/data=!4m2!3m1!1s0x4cc91bcdce6fef43:0xb9d59a5426dbb271,,
Ramen Isshin Mont-Royal,,https://www.google.com/maps/place/Ramen+Isshin+Mont-Royal/data=!4m2!3m1!1s0x4cc91ba81e1704b1:0x11658ff5e2102cff,,
SSAM,,https://www.google.com/maps/place/SSAM/data=!4m2!3m1!1s0x4cc9196b277b4c37:0xd35152feeead3e4f,,
Ohayo,,https://www.google.com/maps/place/Ohayo/data=!4m2!3m1!1s0x4cc91b40a1dc6ad7:0xd490da9bcfee8e1e,,
Bar OTTO,,https://www.google.com/maps/place/Bar+OTTO/data=!4m2!3m1!1s0x4cc91bb32eff6399:0x8007881162599553,,
Bar Henrietta,,https://www.google.com/maps/place/Bar+Henrietta/data=!4m2!3m1!1s0x4cc91bd57f196b45:0x63494147e9d00bc1,,
Gyubee Japanese Grill (Montreal),,https://www.google.com/maps/place/Gyubee+Japanese+Grill+(Montreal)/data=!4m2!3m1!1s0x4cc91bd3a12e017f:0xcbb6c412c3e87fee,,
Pimento's Cuisine des Caraibes,,https://www.google.com/maps/place/Pimento's+Cuisine+des+Caraibes/data=!4m2!3m1!1s0x4cc9230054e402c3:0xc7dcad0880f2cc01,,
Le Milsa Laval,All you can eat Brazilian ,https://www.google.com/maps/place/Le+Milsa+Laval/data=!4m2!3m1!1s0x4cc9218778c648e9:0x7b297bb3e5dd279d,,
National Archives of Montréal,Study space,https://www.google.com/maps/place/National+Archives+of+Montr%C3%A9al/data=!4m2!3m1!1s0x4cc91bb2d78e4b39:0x3d5af04ee01c2a48,,
Oncle Lee,,https://www.google.com/maps/place/Oncle+Lee/data=!4m2!3m1!1s0x4cc91ba03f047925:0x15aec91adca2f957,,
Wild Willy’s Ice Cream,,https://www.google.com/maps/place/Wild+Willy%E2%80%99s+Ice+Cream/data=!4m2!3m1!1s0x4cc93e9b210c19ff:0x79c650464b8e7649,,
Burger Bar Crescent,,https://www.google.com/maps/place/Burger+Bar+Crescent/data=!4m2!3m1!1s0x4cc91a41dc9b1263:0x6ea93b94233e25af,,
Monk Café Buvette,,https://www.google.com/maps/place/Monk+Caf%C3%A9+Buvette/data=!4m2!3m1!1s0x4cc9110e4471ae09:0x57336349d3741642,,
Pizza Balagan,,https://www.google.com/maps/place/Pizza+Balagan/data=!4m2!3m1!1s0x4cc919b33b2b9c99:0xe8883dbaffbb0cf4,,
Yans Deli,,https://www.google.com/maps/place/Yans+Deli/data=!4m2!3m1!1s0x4cc91900612c6403:0x5aa7185ecd2d938e,,
Dépanneur Le Pick Up,Cubano and club sandwich ,https://www.google.com/maps/place/D%C3%A9panneur+Le+Pick+Up/data=!4m2!3m1!1s0x4cc9190d6f6a7a9b:0x1b8a6ee14aa2db5e,,
DonDonYa,,https://www.google.com/maps/place/DonDonYa/data=!4m2!3m1!1s0x4cc91a6a74c75753:0xca09c709cdf4f941,,
DonDonYa (CDN),,https://www.google.com/maps/place/DonDonYa+(CDN)/data=!4m2!3m1!1s0x4cc9196b8239fdad:0xb94c10d7859193c0,,
Atomic Café,,https://www.google.com/maps/place/Atomic+Caf%C3%A9/data=!4m2!3m1!1s0x4cc91b8edae7b82d:0xc62f252a6a58b5d5,,
Café Parka,Pumpkin spice latte,https://www.google.com/maps/place/Caf%C3%A9+Parka/data=!4m2!3m1!1s0x4cc919cca9348dff:0xf5337de5c19860f9,,
Pupuseria Doña Maria,,https://www.google.com/maps/place/Pupuseria+Do%C3%B1a+Maria/data=!4m2!3m1!1s0x4cc91949e160e405:0x84ff62c0d053138d,,
Pan Américan Pizza,,https://www.google.com/maps/place/Pan+Am%C3%A9rican+Pizza/data=!4m2!3m1!1s0x4cc9192226d27de1:0x5b1f6d1d367ab122,,
Restaurant Delitheque Rosemont,,https://www.google.com/maps/place/Restaurant+Delitheque+Rosemont/data=!4m2!3m1!1s0x4cc91959f456ab9b:0xbe7de8098ed2b185,,
Chez Hailar,,https://www.google.com/maps/place/Chez+Hailar/data=!4m2!3m1!1s0x4cc91a6adae0462f:0x3316eebdeaa34f2e,,
Broger,,https://www.google.com/maps/place/Broger/data=!4m2!3m1!1s0x4cc9197541755f1f:0xd3d76fe7aa91bb1a,,
Creme Mood Artisan,,https://www.google.com/maps/place/Creme+Mood+Artisan/data=!4m2!3m1!1s0x4cc9190063a8edf5:0x1afedf09539aabd1,,
Oklahoma Burgers - King West,,https://www.google.com/maps/place/Oklahoma+Burgers+-+King+West/data=!4m2!3m1!1s0x882b35007d90e7ef:0xb5b3b43d380781e0,,
Pizzeria Locali,,https://www.google.com/maps/place/Pizzeria+Locali/data=!4m2!3m1!1s0x4cc91929dccbc3f9:0x44f668864480b8d7,,
Resto chez MarieSPÉCIALITÉS CRÉOLES,,https://www.google.com/maps/place/Resto+chez+MarieSP%C3%89CIALIT%C3%89S+CR%C3%89OLES/data=!4m2!3m1!1s0x4cc8e23d9321335f:0x59b9194990c7ecb5,,
Pizza Il Focolaio,,https://www.google.com/maps/place/Pizza+Il+Focolaio/data=!4m2!3m1!1s0x4cc91a45a829a875:0x748775c7bcd34ef2,,
Rodman Bar Festif,,https://www.google.com/maps/place/Rodman+Bar+Festif/data=!4m2!3m1!1s0x4cc9190046cabc5b:0xe71418b7483598e7,,
Qing Hua Dumpling - (Maisonneuve),,https://www.google.com/maps/place/Qing+Hua+Dumpling+-+(Maisonneuve)/data=!4m2!3m1!1s0x4cc91a6b1c71d4bd:0xa27bba1fa4706308,,
Dumpling Express,,https://www.google.com/maps/place/Dumpling+Express/data=!4m2!3m1!1s0x4cc919c04c05c587:0xc70f0102f6acb599,,
Wonton Express,,https://www.google.com/maps/place/Wonton+Express/data=!4m2!3m1!1s0x4cc91bb6bc28c095:0xc29b1004a14ebf53,,
Mezzmiz,,https://www.google.com/maps/place/Mezzmiz/data=!4m2!3m1!1s0x4cc91b17c5e9f0b7:0x4528c308de390cc,,
Luciano Trattoria,,https://www.google.com/maps/place/Luciano+Trattoria/data=!4m2!3m1!1s0x4cc91941fef64643:0x384ba4a5212993ed,,
National Food Shop,,https://www.google.com/maps/place/National+Food+Shop/data=!4m2!3m1!1s0x4cc910a66e0d3ce7:0xdc89fb3f363388af,,
Café Noya - First Udon Café in Montreal,,https://www.google.com/maps/place/Caf%C3%A9+Noya+-+First+Udon+Caf%C3%A9+in+Montreal/data=!4m2!3m1!1s0x4cc91b147598b3e3:0x5c351f68a3e0b2e5,,
Mai Xiang Dumpling Mont-Royal,,https://www.google.com/maps/place/Mai+Xiang+Dumpling+Mont-Royal/data=!4m2!3m1!1s0x4cc91bffffa248e1:0xaecd41ec02336d62,,
Mai Xiang Yuan Dumpling Chinatown,,https://www.google.com/maps/place/Mai+Xiang+Yuan+Dumpling+Chinatown/data=!4m2!3m1!1s0x4cc91a51c02dadb9:0xeb85106a225fab16,,
DONER ORIGINAL,,https://www.google.com/maps/place/DONER+ORIGINAL/data=!4m2!3m1!1s0x4cc91b4a1ce47113:0x89915013ea755f3,,
Loulouta - Sandwich Tressé,Sandwich ,https://www.google.com/maps/place/Loulouta+-+Sandwich+Tress%C3%A9/data=!4m2!3m1!1s0x4cc91929a19bd0f7:0xbe531a4e81e8edd1,,
TESFA,Sandwich ,https://www.google.com/maps/place/TESFA/data=!4m2!3m1!1s0x4cc91b86ea2845ef:0xb64d0c5dd66f530b,,
Fukurō: tapas + cocktails,,https://www.google.com/maps/place/Fukur%C5%8D:+tapas+%2B+cocktails/data=!4m2!3m1!1s0x4cc91b004ec5388f:0x3719a871b5dfcb19,,
Ferlucci Coffee Shop,,https://www.google.com/maps/place/Ferlucci+Coffee+Shop/data=!4m2!3m1!1s0x4cc919142cff9f1b:0x59043ddd5a781efb,,
Oh My Deer Café,,https://www.google.com/maps/place/Oh+My+Deer+Caf%C3%A9/data=!4m2!3m1!1s0x4cc91b5acc9cd0fd:0x9a9b795ab79eda21,,
Le P'tit Rustik,,https://www.google.com/maps/place/Le+P'tit+Rustik/data=!4m2!3m1!1s0x4cc91bcc6cbcba27:0x215d166cce0a1c1c,,
Joie de Livres,Cute library coffee shop ,https://www.google.com/maps/place/Joie+de+Livres/data=!4m2!3m1!1s0x4cc91900590f3d7b:0x193159624fb3d37d,,
Osuka Sushi,,https://www.google.com/maps/place/Osuka+Sushi/data=!4m2!3m1!1s0x4cc91a3529e97b25:0x208b2cfd91808471,,
Yufuku Fusion Tapas,,https://www.google.com/maps/place/Yufuku+Fusion+Tapas/data=!4m2!3m1!1s0x4cc917097ccf75d3:0xe3ee683ff9c6cfef,,
Le Beau Marché,Fresh bakery,https://www.google.com/maps/place/Le+Beau+March%C3%A9/data=!4m2!3m1!1s0x4cc91b05fa80cd13:0x91e1cac58fc113ff,,
Olive et Gourmando,"Sandwich 
Pastries 
Cinnamon rolls",https://www.google.com/maps/place/Olive+et+Gourmando/data=!4m2!3m1!1s0x4cc91a5902615863:0x8bd5e7b9b0be142a,,
Hiatus Restaurant et Bar,,https://www.google.com/maps/place/Hiatus+Restaurant+et+Bar/data=!4m2!3m1!1s0x4cc91b5f046e7a8b:0xa072bb51c542c62,,
Da Vinci Restaurant / Ristorante Da Vinci,,https://www.google.com/maps/place/Da+Vinci+Restaurant+%2F+Ristorante+Da+Vinci/data=!4m2!3m1!1s0x4cc91a69be0e8d0d:0x86bd307b2b1d718b,,
Stellina,Pasta,https://www.google.com/maps/place/Stellina/data=!4m2!3m1!1s0x4cc91b7a366ccc81:0x2d361b38d5f77ee9,,
Gibbys,,https://www.google.com/maps/place/Gibbys/data=!4m2!3m1!1s0x4cc91a58f681ece1:0xff29b3a91124d283,,
Poke Cabana,,https://www.google.com/maps/place/Poke+Cabana/data=!4m2!3m1!1s0x4cc919ccbd546e71:0xb4f4d41a8e52d6f,,
Damas,,https://www.google.com/maps/place/Damas/data=!4m2!3m1!1s0x4cc9197f853d5c35:0xe6e960844bf4cc6e,,
Joe Beef,,https://www.google.com/maps/place/Joe+Beef/data=!4m2!3m1!1s0x4cc91a7a23de0961:0x4dda44b6c1dd33da,,
Kouing Amann Bakery,,https://www.google.com/maps/place/Kouing+Amann+Bakery/data=!4m2!3m1!1s0x4cc91bd182d7df41:0x2b13ccd5c404e84,,
Marché Italanni | Grocery Store and Deli Vaudreuil,,https://www.google.com/maps/place/March%C3%A9+Italanni+%7C+Grocery+Store+and+Deli+Vaudreuil/data=!4m2!3m1!1s0x4cc937f07c01fedd:0x3e23e698c091990e,,
Kimpo - Saint-Hubert,,https://www.google.com/maps/place/Kimpo+-+Saint-Hubert/data=!4m2!3m1!1s0x4cc905d55ac875d1:0x4b77f7d4f7e85ade,,
Restaurant Hoai Huong,,https://www.google.com/maps/place/Restaurant+Hoai+Huong/data=!4m2!3m1!1s0x4cc919e4792f0ae3:0x3051957f160d4274,,
Mike's BBQ Rub,,https://www.google.com/maps/place/Mike's+BBQ+Rub/data=!4m2!3m1!1s0x4cc8e10d580290e9:0x1629e9208e381311,,
Onigiri Shop,,https://www.google.com/maps/place/Onigiri+Shop/data=!4m2!3m1!1s0x4cc917b7fe8c1467:0x954d247d7d9a9dfa,,
Foil Gallery,,https://www.google.com/maps/place/Foil+Gallery/data=!4m2!3m1!1s0x4cc919c35368af69:0x47650296f5ec34fd,,
OSMO X MARUSAN Café-Terrasse,"Egg sandwich 
Tamango sandwich 
Chocolate hojicha",https://www.google.com/maps/place/OSMO+X+MARUSAN+Caf%C3%A9-Terrasse/data=!4m2!3m1!1s0x4cc91a597d1b10f1:0xd4100628e92f101f,,
Ranjy’s Restaurant,,https://www.google.com/maps/place/Ranjy%E2%80%99s+Restaurant/data=!4m2!3m1!1s0x4cc93b449e8d0215:0xbd1a5fb999e42e32,,
Le Jus,,https://www.google.com/maps/place/Le+Jus/data=!4m2!3m1!1s0x4cc917f40fcebe35:0x6f3a022a22f72142,,
Rubian (Bélanger),,https://www.google.com/maps/place/Rubian+(B%C3%A9langer)/data=!4m2!3m1!1s0x4cc91f449d541609:0x64238b664761a354,,
Gyu-Kaku Japanese BBQ,,https://www.google.com/maps/place/Gyu-Kaku+Japanese+BBQ/data=!4m2!3m1!1s0x4cc91a69fc8b4adb:0x9b12ffa7d4bfd5c4,,
"Montreal, QC H2L 2L5",Gabbyyyy,"https://www.google.com/maps/place/Montreal,+QC+H2L+2L5/data=!4m2!3m1!1s0x4cc91bad0322beb9:0xe9ef216bf5572d4d",,
Millmans,,https://www.google.com/maps/place/Millmans/data=!4m2!3m1!1s0x4cc9113b1433023f:0xd6d04a1f15dfa8d7,,
maps pizza,,https://www.google.com/maps/place/maps+pizza/data=!4m2!3m1!1s0x4cc9190ccbdee75f:0x897ce57a480891c3,,
Gigi's déli et pizza,,https://www.google.com/maps/place/Gigi's+d%C3%A9li+et+pizza/data=!4m2!3m1!1s0x4cc9277bb186c3a9:0xe772cb9562aeca45,,
Maison Du Kebab,,https://www.google.com/maps/place/Maison+Du+Kebab/data=!4m2!3m1!1s0x4cc91a71123a3963:0x4ec088dffad44629,,
Restaurant Dobe & Andy,,https://www.google.com/maps/place/Restaurant+Dobe+%26+Andy/data=!4m2!3m1!1s0x4cc91a51d3d331d5:0xffc11e12cbb9a0f3,,
Grill Gate,,https://www.google.com/maps/place/Grill+Gate/data=!4m2!3m1!1s0x4cc911005c790001:0x8ba1a98b3516094a,,
Caffè Italia,,https://www.google.com/maps/place/Caff%C3%A8+Italia/data=!4m2!3m1!1s0x4cc9196d4e512037:0x8e87d684855cbf87,,
Forno Pizza Frankie's,,https://www.google.com/maps/place/Forno+Pizza+Frankie's/data=!4m2!3m1!1s0x4cc91755b9ba8419:0x450696a479638c76,,
Jatoba,,https://www.google.com/maps/place/Jatoba/data=!4m2!3m1!1s0x4cc91a450340fbbb:0x6bde13066961bc3d,,
Mano Cornuto,,https://www.google.com/maps/place/Mano+Cornuto/data=!4m2!3m1!1s0x4cc91bd481b85027:0xf0c91fe8f376f583,,
Leméac,Pain perdu ,https://www.google.com/maps/place/Lem%C3%A9ac/data=!4m2!3m1!1s0x4cc919807165fa9b:0x43c88fba14c9dcaa,,
Mikado,,https://www.google.com/maps/place/Mikado/data=!4m2!3m1!1s0x4cc91980097a6bc7:0x3262bf2b2f82842,,
Nama Omakase,,https://www.google.com/maps/place/Nama+Omakase/data=!4m2!3m1!1s0x4cc91b33f7e28a85:0x85cf01c91fa5c008,,
Elena,Tomato sandwich only Fridays and weekends,https://www.google.com/maps/place/Elena/data=!4m2!3m1!1s0x4cc911e0fbb9b3a1:0x280b13d5103b90e,,
CA LEM Crèmerie (Marché Atwater),,https://www.google.com/maps/place/CA+LEM+Cr%C3%A8merie+(March%C3%A9+Atwater)/data=!4m2!3m1!1s0x4cc91b6ca3a61aaf:0x525879d56e264bbf,,
Sergiolino Restaurant,,https://www.google.com/maps/place/Sergiolino+Restaurant/data=!4m2!3m1!1s0x4cc9231c8a2d5323:0xa463d8881ac4e827,,
Disco Mayo Dînette,Chosu pork sandwich ,https://www.google.com/maps/place/Disco+Mayo+D%C3%AEnette/data=!4m2!3m1!1s0x4cc9190056691545:0x144b3ab1459fffae,,
Au Pied de Cochon,,https://www.google.com/maps/place/Au+Pied+de+Cochon/data=!4m2!3m1!1s0x4cc91bceb3ef750f:0x3092a33cee355bdc,,
Pâtisserie Harmonie,,https://www.google.com/maps/place/P%C3%A2tisserie+Harmonie/data=!4m2!3m1!1s0x4cc91a504c33b75d:0x3cf0350a9d6c54d7,,
Buboy,,https://www.google.com/maps/place/Buboy/data=!4m2!3m1!1s0x4cc917f4441dbaaf:0xdb9ef3ebbdf11e6c,,
Kem CoBa,,https://www.google.com/maps/place/Kem+CoBa/data=!4m2!3m1!1s0x4cc9197e15917a83:0x7ba29278cc605a49,,
Norah Café de l'Anse,,https://www.google.com/maps/place/Norah+Caf%C3%A9+de+l'Anse/data=!4m2!3m1!1s0x4cc9374bbfdb9529:0x5120ab96a1bcc01c,,
Vices & Versa,,https://www.google.com/maps/place/Vices+%26+Versa/data=!4m2!3m1!1s0x405532c9582634bd:0x578d2c2ed78c0f97,,
Barranco MTL - Peruvian restaurant & cocktail bar,,https://www.google.com/maps/place/Barranco+MTL+-+Peruvian+restaurant+%26+cocktail+bar/data=!4m2!3m1!1s0x4cc91b43e5d1292f:0xe8d744a1a61515ba,,
Restaurant Hoang Oanh,,https://www.google.com/maps/place/Restaurant+Hoang+Oanh/data=!4m2!3m1!1s0x4cc9190010352c0f:0xa7c248762220e4c,,
Casse-Croûte D.C.,Kaytranada said it’s the best Haitian food,https://www.google.com/maps/place/Casse-Cro%C3%BBte+D.C./data=!4m2!3m1!1s0x4cc91958195a75df:0xec367831b98aaba4,,
Taglio Boucherie & Deli Artisanale,,https://www.google.com/maps/place/Taglio+Boucherie+%26+Deli+Artisanale/data=!4m2!3m1!1s0x4cc91b14ae693341:0xe78bfda787157bbe,,
Piel Canela - Restaurant Brunch Latino-Montréalais,,https://www.google.com/maps/place/Piel+Canela+-+Restaurant+Brunch+Latino-Montr%C3%A9alais/data=!4m2!3m1!1s0x4cc91bb4a696f54f:0x2d2ebc47bc72686c,,
Tonino's - Sandwich Italien,,https://www.google.com/maps/place/Tonino's+-+Sandwich+Italien/data=!4m2!3m1!1s0x4cc9197374ffaec7:0x776d8b3c2a38c215,,
Daddy roll,,https://www.google.com/maps/place/Daddy+roll/data=!4m2!3m1!1s0x4cc9190002602fa3:0x28635ce0dfaab747,,
Pizzeria Napoletana,,https://www.google.com/maps/place/Pizzeria+Napoletana/data=!4m2!3m1!1s0x4cc9196cdee607eb:0xdb4d4807bca8e8fc,,
Terrasse St-Ambroise,,https://www.google.com/maps/place/Terrasse+St-Ambroise/data=!4m2!3m1!1s0x4cc9109110280b65:0x538aa7bfad979a81,,
Taverne Monkland / Monkland Tavern,https://www.instagram.com/reel/DNvcTcdYobi/?igsh=MTdrMnljc2E3bDhlbw==,https://www.google.com/maps/place/Taverne+Monkland+%2F+Monkland+Tavern/data=!4m2!3m1!1s0x4cc91752b815c1bf:0x81ac8ce38270463d,,
Centro,,https://www.google.com/maps/place/Centro/data=!4m2!3m1!1s0x4cc91fd2952146bf:0x6dc23cf1708db0c3,,
Taco et margarita,,https://www.google.com/maps/place/Taco+et+margarita/data=!4m2!3m1!1s0x4cc911004ef57a1d:0xc8996146462c569,,
Comptoir I Primi Inc.,,https://www.google.com/maps/place/Comptoir+I+Primi+Inc./data=!4m2!3m1!1s0x4cc91b0c1bbdc46b:0x33fc67d3a4d8bed9,,
Chef Kebab,,https://www.google.com/maps/place/Chef+Kebab/data=!4m2!3m1!1s0x4cc92302d4809ff7:0x50e695c5ce99a015,,
SARAY RESTAURANT,,https://www.google.com/maps/place/SARAY+RESTAURANT/data=!4m2!3m1!1s0x4cc91f954289ec69:0xb25910ccbe81132b,,
Cool and Simple,,https://www.google.com/maps/place/Cool+and+Simple/data=!4m2!3m1!1s0x4cc91a7859a55885:0x57b1414b65e9fccf,,
Café San Gennaro,,https://www.google.com/maps/place/Caf%C3%A9+San+Gennaro/data=!4m2!3m1!1s0x4cc9196da1e5b7d3:0xa21a5f4fda15ea66,,
Pile Ou Glace Gelateria,,https://www.google.com/maps/place/Pile+Ou+Glace+Gelateria/data=!4m2!3m1!1s0x4cc91912edc172eb:0xc21fc1337a1e986d,,
Pinnacle Wagyu Deli,,https://www.google.com/maps/place/Pinnacle+Wagyu+Deli/data=!4m2!3m1!1s0x4cc91b10b8e0e98d:0x8b3feb98c2fc4806,,
Restaurant Queen Sheba,,https://www.google.com/maps/place/Restaurant+Queen+Sheba/data=!4m2!3m1!1s0x4cc91a2c9bd1c925:0x3e249306d091c7e6,,
Arthurs Nosh Bar,,https://www.google.com/maps/place/Arthurs+Nosh+Bar/data=!4m2!3m1!1s0x4cc9109bc1554ce3:0xb7c98a63c5d68023,,
Fu Chun Soupe Dumpling,,https://www.google.com/maps/place/Fu+Chun+Soupe+Dumpling/data=!4m2!3m1!1s0x4cc91bc8939f988f:0x2d180c18eecb6067,,
Chakras,"Taandori pizzza 

https://vm.tiktok.com/ZNdxS7U22/",https://www.google.com/maps/place/Chakras/data=!4m2!3m1!1s0x4cc91906b954e4d3:0x63049f58ce48a399,,
DEK SEN CUISINE THAÏLANDAISE,"Drunken noodles
Beef ka soy

https://vm.tiktok.com/ZNdxSvENA/",https://www.google.com/maps/place/DEK+SEN+CUISINE+THA%C3%8FLANDAISE/data=!4m2!3m1!1s0x4cc91ba9493e0209:0x5675d57097e2bf81,,
Krapow,,https://www.google.com/maps/place/Krapow/data=!4m2!3m1!1s0x4cc91bc2a0ad9499:0x21a0fa88354df3ef,,
Tuck Shop,,https://www.google.com/maps/place/Tuck+Shop/data=!4m2!3m1!1s0x4cc9109a3329b199:0x85b2d1aed530914f,,
Koyo Sushi,,https://www.google.com/maps/place/Koyo+Sushi/data=!4m2!3m1!1s0x4cc9195d965bbd71:0xa713ad296e4a0653,,
Bar Le Mal Nécessaire,,https://www.google.com/maps/place/Bar+Le+Mal+N%C3%A9cessaire/data=!4m2!3m1!1s0x4cc91a51e877527f:0x359224819f8a8360,,
"Chez Mag, La Fine Cantine, Baie-Saint-Paul",,"https://www.google.com/maps/place/Chez+Mag,+La+Fine+Cantine,+Baie-Saint-Paul/data=!4m2!3m1!1s0x4cbf11000ff5cd7d:0x52315d59b4d46448",,
Le Mēkong,,https://www.google.com/maps/place/Le+M%C4%93kong/data=!4m2!3m1!1s0x4cc91b04477cfa2d:0x224f733be052406e,,
Angelina's Cuisine Italienne & Bar,,https://www.google.com/maps/place/Angelina's+Cuisine+Italienne+%26+Bar/data=!4m2!3m1!1s0x4cc91ba17f58a391:0xb35e39e78e07f4a0,,
Masakali Indian Cuisine,,https://www.google.com/maps/place/Masakali+Indian+Cuisine/data=!4m2!3m1!1s0x4cc91be3d40acbc9:0xe88c0a3289414aa4,,
Dunya,,https://www.google.com/maps/place/Dunya/data=!4m2!3m1!1s0x4cc91b413e4dbb83:0x27fc293750f153da,,
Pho Bang New York,,https://www.google.com/maps/place/Pho+Bang+New+York/data=!4m2!3m1!1s0x4cc91a51a72c4c57:0x8495a15de81f43a0,,
Parc de Dieppe,Sunset spot,https://www.google.com/maps/place/Parc+de+Dieppe/data=!4m2!3m1!1s0x4cc91afbe0640e23:0xcbb4f09bf9d06f75,,
Le Psy Bar vins et fromages,,https://www.google.com/maps/place/Le+Psy+Bar+vins+et+fromages/data=!4m2!3m1!1s0x4cc91b2e7d97494d:0x37aa38a84b56b53c,,
The Dumpling Hut,,https://www.google.com/maps/place/The+Dumpling+Hut/data=!4m2!3m1!1s0x4cc91a4a78492b55:0x9190e2f41cc46e63,,
"Montreal, QC H2S 3C5","Daddy Roll

https://vm.tiktok.com/ZNduLYb2K/","https://www.google.com/maps/place/Montreal,+QC+H2S+3C5/data=!4m2!3m1!1s0x4cc919720ed79293:0x5cc3ec083cd028ec",,
Billy K's,After hours only after some dranks,https://www.google.com/maps/place/Billy+K's/data=!4m2!3m1!1s0x4cc91bdd001910c5:0xade1b465d592a513,,
Pizzeria Dei Compari,,https://www.google.com/maps/place/Pizzeria+Dei+Compari/data=!4m2!3m1!1s0x4cc91bb34b887433:0xd229cb2045127521,,
Chez Bong,,https://www.google.com/maps/place/Chez+Bong/data=!4m2!3m1!1s0x4cc91a51a3be4d41:0xef04d9e7d118e1aa,,
Savsav,,https://www.google.com/maps/place/Savsav/data=!4m2!3m1!1s0x4cc91bef3c0161b3:0x2c2655c5043cb03a,,
Unicone - Crème glacée à Montréal,,https://www.google.com/maps/place/Unicone+-+Cr%C3%A8me+glac%C3%A9e+%C3%A0+Montr%C3%A9al/data=!4m2!3m1!1s0x4cc91b319640cf91:0x750bd2ee6c6a0cf2,,
Épicerie Pumpui,,https://www.google.com/maps/place/%C3%89picerie+Pumpui/data=!4m2!3m1!1s0x4cc9196da18fbc2f:0xc8091995a9c6ba4c,,
Champion Döner,,https://www.google.com/maps/place/Champion+D%C3%B6ner/data=!4m2!3m1!1s0x4cc91b002904c6d9:0x524dbb66579bec88,,
Boulangerie Le Toledo,"Quiche 
Mini sweet croissant with chunky rock salt on top - shaped like balls

https://vm.tiktok.com/ZNda9WP37/",https://www.google.com/maps/place/Boulangerie+Le+Toledo/data=!4m2!3m1!1s0x4cc91bc356cd35c9:0x9d1d0cf590b9449a,,
Villa Tandoori Best Indian food Montreal,,https://www.google.com/maps/place/Villa+Tandoori+Best+Indian+food+Montreal/data=!4m2!3m1!1s0x4cc9193a5645967d:0x8af21dc40beaf0a0,,
Redpath Museum,,https://www.google.com/maps/place/Redpath+Museum/data=!4m2!3m1!1s0x4cc91a47279b007b:0xbe8a7d9f319d4f92,,
Jacopo,$25 lunch menu,https://www.google.com/maps/place/Jacopo/data=!4m2!3m1!1s0x4cc91b56bc71e413:0xf7f6e57bb083e95b,,
DELI 365,,https://www.google.com/maps/place/DELI+365/data=!4m2!3m1!1s0x4cc91978331db8db:0x6d1837242788ba5,,
Pizza Toni - Saint Viateur,,https://www.google.com/maps/place/Pizza+Toni+-+Saint+Viateur/data=!4m2!3m1!1s0x4cc9198838c4b81d:0x98aca61ba7c6a0cf,,
Avesta,,https://www.google.com/maps/place/Avesta/data=!4m2!3m1!1s0x4cc91a6c583b2f79:0xef5bab4279696048,,
Photo Saint Denis,,https://www.google.com/maps/place/Photo+Saint+Denis/data=!4m2!3m1!1s0x4cc91bca517d8f51:0xc647e9a200ebaada,,
Entre-Deux,,https://www.google.com/maps/place/Entre-Deux/data=!4m2!3m1!1s0x4cc9113f2eeb4fb3:0xe3ab5d118a7fd57c,,
Pas de probleme cafe,Jamaican Patty,https://www.google.com/maps/place/Pas+de+probleme+cafe/data=!4m2!3m1!1s0x4cc9110043e5b831:0xbd8a678a75006f9f,,
Restaurant SAFIOT,,https://www.google.com/maps/place/Restaurant+SAFIOT/data=!4m2!3m1!1s0x4cc91b0055e0885d:0x2adb80711836e1b3,,
Restaurant Jako,,https://www.google.com/maps/place/Restaurant+Jako/data=!4m2!3m1!1s0x4cc91bbc5e83b827:0x2e8cc90dd38685ce,,
Cremerie Gelato,,https://www.google.com/maps/place/Cremerie+Gelato/data=!4m2!3m1!1s0x4cc8e039ce44c34d:0x415eaac5d29d252c,,
Iconoglace Mile-end,,https://www.google.com/maps/place/Iconoglace+Mile-end/data=!4m2!3m1!1s0x4cc91b7d56abb5f7:0xa5846a89fb6882d6,,
Casse-croûte Sissi & Paul,,https://www.google.com/maps/place/Casse-cro%C3%BBte+Sissi+%26+Paul/data=!4m2!3m1!1s0x4cc91949fc85ae91:0xd767c7d598f4c34d,,
Komomo par Christian Ventura,,https://www.google.com/maps/place/Komomo+par+Christian+Ventura/data=!4m2!3m1!1s0x4cc91bb54e3b24eb:0xcaa1236e85671880,,
Nouilles de Lan Zhou - Noodle Shop,,https://www.google.com/maps/place/Nouilles+de+Lan+Zhou+-+Noodle+Shop/data=!4m2!3m1!1s0x4cc91a51a69272cb:0x80d25226b39796a3,,
Drive-in Saint-Eustache,,https://www.google.com/maps/place/Drive-in+Saint-Eustache/data=!4m2!3m1!1s0x4cc925f9ece29539:0xf30fe17aeff584ea,,
OG Burger,,https://www.google.com/maps/place/OG+Burger/data=!4m2!3m1!1s0x4cc91f8929f9e503:0xc8cf5c7094ced965,,
Restaurant et Poissonnerie Zeina,,https://www.google.com/maps/place/Restaurant+et+Poissonnerie+Zeina/data=!4m2!3m1!1s0x4cc919102d066a05:0xde968c3e2bb87a7,,
Restaurant Tuk Tuk,,https://www.google.com/maps/place/Restaurant+Tuk+Tuk/data=!4m2!3m1!1s0x4cc919eef20d3df9:0x80bacd4d3d3691ae,,
Mekan & Beyond- Burger Authentique,,https://www.google.com/maps/place/Mekan+%26+Beyond-+Burger+Authentique/data=!4m2!3m1!1s0x4cc919dbf03b708b:0xeb7d46a107722912,,
Chez Lee,,https://www.google.com/maps/place/Chez+Lee/data=!4m2!3m1!1s0x4cc919f0ed1d0751:0xd85e8215507c397,,
DaWa chicken (Plateau-Mont-Royal),,https://www.google.com/maps/place/DaWa+chicken+(Plateau-Mont-Royal)/data=!4m2!3m1!1s0x4cc91b77da05a9a5:0x4d5dbf1385f5f845,,
Pho Tay Ho,,https://www.google.com/maps/place/Pho+Tay+Ho/data=!4m2!3m1!1s0x4cc9196ee49d9f9b:0xbf8b20269bb1705c,,
Bagel Etc,,https://www.google.com/maps/place/Bagel+Etc/data=!4m2!3m1!1s0x4cc91bd2bd0ef6a7:0x2a477d5af2774534,,
Kulcha King Restaurant,,https://www.google.com/maps/place/Kulcha+King+Restaurant/data=!4m2!3m1!1s0x4cc919af73dbeca7:0xb90a34f87fd7a261,,
Marci Café - Restaurant,https://vm.tiktok.com/ZNdDqyNTo/,https://www.google.com/maps/place/Marci+Caf%C3%A9+-+Restaurant/data=!4m2!3m1!1s0x4cc91900042af34b:0x297cf5b77a84d0a1,,
Ma Poule Mouillée,"Grilled chicken, good portions",https://www.google.com/maps/place/Ma+Poule+Mouill%C3%A9e/data=!4m2!3m1!1s0x4cc91bcf7243787d:0xceb4fd14df745a86,,
Beauty's Restaurant,Good brunch ,https://www.google.com/maps/place/Beauty's+Restaurant/data=!4m2!3m1!1s0x4cc91bd33996145d:0x84e1e662cad44a45,,
MODEKO friperie,Thrift store,https://www.google.com/maps/place/MODEKO+friperie/data=!4m2!3m1!1s0x4cc9110029dac3a5:0xc368d8a8e828dff5,,
Petros Westmount,,https://www.google.com/maps/place/Petros+Westmount/data=!4m2!3m1!1s0x4cc910a7a94928eb:0x566546c1f1ee30d0,,
Sushi Dépanneur,Sushi pick up,https://www.google.com/maps/place/Sushi+D%C3%A9panneur/data=!4m2!3m1!1s0x4cc91bd0747aa827:0x383f992e9b64cbb1,,
Aylwin,,https://www.google.com/maps/place/Aylwin/data=!4m2!3m1!1s0x4cc91a784665074f:0x9923fe66f11fd090,,
Restaurant Ozen,,https://www.google.com/maps/place/Restaurant+Ozen/data=!4m2!3m1!1s0x4cc91b993113ece5:0xe76f023c876a64b2,,
Greenspot Restaurant - Smoked Meat - Breakfast - Burgers,,https://www.google.com/maps/place/Greenspot+Restaurant+-+Smoked+Meat+-+Breakfast+-+Burgers/data=!4m2!3m1!1s0x4cc91a777f1ad9cd:0x331ad55d9dade5ac,,
Café Rì Yuè,,https://www.google.com/maps/place/Caf%C3%A9+R%C3%AC+Yu%C3%A8/data=!4m2!3m1!1s0x4cc91b23edb2ed47:0xde547764a9402f59,,
Shushuto Bar à Ramen + Tapas,Cheesy udon with katsu steak,https://www.google.com/maps/place/Shushuto+Bar+%C3%A0+Ramen+%2B+Tapas/data=!4m2!3m1!1s0x4cc91bacc85374e7:0x50a9097082c34a56,,
Morena's Kitchen Bar & Restaurant,,https://www.google.com/maps/place/Morena's+Kitchen+Bar+%26+Restaurant/data=!4m2!3m1!1s0x89c25f3368b5f1b7:0xdc74b4c0f784bec2,,
Lahmajoune Villeray,,https://www.google.com/maps/place/Lahmajoune+Villeray/data=!4m2!3m1!1s0x4cc919fc3c9698f7:0x536579225aa49e56,,
MIGA(미가),,https://www.google.com/maps/place/MIGA(%EB%AF%B8%EA%B0%80)/data=!4m2!3m1!1s0x4cc9170044121469:0xce27848ad6b1f546,,
Restaurant Chatpata,Indian tacos ,https://www.google.com/maps/place/Restaurant+Chatpata/data=!4m2!3m1!1s0x4cc91b4aeb1f9399:0xf8e19ceb81a2a82a,,
Mama C,,https://www.google.com/maps/place/Mama+C/data=!4m2!3m1!1s0x4cc91b5a65e0aedd:0x90aa3e35c2f10639,,
Terrasse Nelligan,,https://www.google.com/maps/place/Terrasse+Nelligan/data=!4m2!3m1!1s0x4cc91a57824189c3:0x7a6f184c4c6180d,,
Chifa,,https://www.google.com/maps/place/Chifa/data=!4m2!3m1!1s0x4cc91ba6cb73ab4b:0x51a0903dbeb2b38a,,
Renzo Sandwich,,https://www.google.com/maps/place/Renzo+Sandwich/data=!4m2!3m1!1s0x4cc919007ec81755:0x917658c5ed7aa9ed,,
kaakouna,,https://www.google.com/maps/place/kaakouna/data=!4m2!3m1!1s0x4cc9257bf34ed8cd:0x3ea363a31eb48298,,
Diablos BBQ Smokehouse,All you can eat wings Tuesdays ,https://www.google.com/maps/place/Diablos+BBQ+Smokehouse/data=!4m2!3m1!1s0x4cc91a357a79ed2d:0xa13811ad6956d303,,
Le 408 café/crêpes,$5 pasta,https://www.google.com/maps/place/Le+408+caf%C3%A9%2Fcr%C3%AApes/data=!4m2!3m1!1s0x4cc91b64cb3cf98b:0x342fa941b881e3d8,,
Comptoir Shoji,,https://www.google.com/maps/place/Comptoir+Shoji/data=!4m2!3m1!1s0x4cc907c55fe0a611:0x4eab5da3b73cb7f6,,
MTL Yardie,,https://www.google.com/maps/place/MTL+Yardie/data=!4m2!3m1!1s0x4cc91789395537af:0x6d6b8430df9ce8ee,,
Modavie,,https://www.google.com/maps/place/Modavie/data=!4m2!3m1!1s0x4cc91a57a7ff8e17:0x8dc02f1a54b8e0d6,,
Bottega,Wood oven pizza,https://www.google.com/maps/place/Bottega/data=!4m2!3m1!1s0x4cc9196d9f15a1d1:0xdd989bde3db1bd35,,
Morso Pizzeria (Viger - Square-Victoria),,https://www.google.com/maps/place/Morso+Pizzeria+(Viger+-+Square-Victoria)/data=!4m2!3m1!1s0x4cc91b2079009689:0xb002c655be9701f2,,
Soup Zen Hot Pot,,https://www.google.com/maps/place/Soup+Zen+Hot+Pot/data=!4m2!3m1!1s0x4cc91b15f0412da5:0x6dff1230ac0b5070,,
Pizzeria la focaccia,,https://www.google.com/maps/place/Pizzeria+la+focaccia/data=!4m2!3m1!1s0x4cc91b96e99e9329:0xd652a08aa145a6b8,,
Yolky,,https://www.google.com/maps/place/Yolky/data=!4m2!3m1!1s0x4cc91b40b7edcf05:0x2e16b1720d2d2328,,
Campo,,https://www.google.com/maps/place/Campo/data=!4m2!3m1!1s0x4cc91a41690cae2f:0xb003fd00b1d3cd83,,
Stem Bar,,https://www.google.com/maps/place/Stem+Bar/data=!4m2!3m1!1s0x4cc91b17c8f88157:0x7e3c843ef76402c3,,
BarBara,,https://www.google.com/maps/place/BarBara/data=!4m2!3m1!1s0x4cc91182fa823503:0xbda74fe3d449ca8a,,
Crèmerie Dalla Rose,,https://www.google.com/maps/place/Cr%C3%A8merie+Dalla+Rose/data=!4m2!3m1!1s0x4cc9109bc3d58311:0x7e42b373df695f5a,,
Lundis au soleil,,https://www.google.com/maps/place/Lundis+au+soleil/data=!4m2!3m1!1s0x4cc91f719f23a5d1:0xc5e2f0569e0a1408,,
McKiernan Rôtisserie,,https://www.google.com/maps/place/McKiernan+R%C3%B4tisserie/data=!4m2!3m1!1s0x4cc911f5aa698351:0x3da277f29f268280,,
La Buvette Chez Simone,,https://www.google.com/maps/place/La+Buvette+Chez+Simone/data=!4m2!3m1!1s0x4cc91a2ad086599b:0x13d3b433918f1678,,
Bar Le Sparrow,,https://www.google.com/maps/place/Bar+Le+Sparrow/data=!4m2!3m1!1s0x4cc9197c2bb4cf6f:0x96b2b75ab53dc88b,,
Knox,,https://www.google.com/maps/place/Knox/data=!4m2!3m1!1s0x4cc91a877375582d:0xc58063a9add98d72,,
Taverne Atlantic,,https://www.google.com/maps/place/Taverne+Atlantic/data=!4m2!3m1!1s0x4cc919922e4c2cdb:0x31403ba51e11d8ee,,
Pizzeria Geppetto Notre-Dame,,https://www.google.com/maps/place/Pizzeria+Geppetto+Notre-Dame/data=!4m2!3m1!1s0x4cc91a7a20ace5f7:0x23b43ee97726150,,
Restaurant Peskerô,,https://www.google.com/maps/place/Restaurant+Pesker%C3%B4/data=!4m2!3m1!1s0x4cc91f9725fbba79:0xb1153a14fa175bc5,,
Rôtisserie Coco Rico,,https://www.google.com/maps/place/R%C3%B4tisserie+Coco+Rico/data=!4m2!3m1!1s0x4cc91a3357a6119b:0xcacb746bd0834106,,
Poutine Boss,,https://www.google.com/maps/place/Poutine+Boss/data=!4m2!3m1!1s0x4cc91937d8bca9c9:0x99610c0412c1b7d0,,
Momiji Par Otto,,https://www.google.com/maps/place/Momiji+Par+Otto/data=!4m2!3m1!1s0x4cc9193d531fe407:0x18d2d3590dbe8920,,
Amea Café,,https://www.google.com/maps/place/Amea+Caf%C3%A9/data=!4m2!3m1!1s0x4cc91bc69a34536f:0x40954bc0e911e529,,
St-Viateur Bagel & Café Mont-Royal,Bagel,https://www.google.com/maps/place/St-Viateur+Bagel+%26+Caf%C3%A9+Mont-Royal/data=!4m2!3m1!1s0x4cc91bdae9c8650f:0x30b5154cd8cddba2,,
Parc de Dieppe lookouts,Sunset and fireworks,https://www.google.com/maps/place/Parc+de+Dieppe+lookouts/data=!4m2!3m1!1s0x4cc91afea5b41faf:0x542111edd8b5dd3a,,
Chez Oncle Cheng,Big plate of food for $15,https://www.google.com/maps/place/Chez+Oncle+Cheng/data=!4m2!3m1!1s0x4cc91b0066375d89:0x8021a225a3093122,,
Bevo Pizzeria,,https://www.google.com/maps/place/Bevo+Pizzeria/data=!4m2!3m1!1s0x4cc91a56f2efc75b:0x11ba15b47de91e2f,,
Drogheria Fine,$5 gnocchi ,https://www.google.com/maps/place/Drogheria+Fine/data=!4m2!3m1!1s0x4cc9197e3faab055:0xdb9d03e0b4724cb2,,
Miracolo,Date night spot,https://www.google.com/maps/place/Miracolo/data=!4m2!3m1!1s0x4cc91bf158797b87:0xb8572ee0d3d82f55,,
Parc-nature de l'Île-de-la-Visitation Maison du Meunier,,https://www.google.com/maps/place/Parc-nature+de+l'%C3%8Ele-de-la-Visitation+Maison+du+Meunier/data=!4m2!3m1!1s0x4cc91f5103882577:0x21af5c725223b1fa,,
Le Passé Composé,,https://www.google.com/maps/place/Le+Pass%C3%A9+Compos%C3%A9/data=!4m2!3m1!1s0x4cc91bc9b9a3234f:0x8015e4606cf7bc5a,,
Rôtisserie La Fiamma,,https://www.google.com/maps/place/R%C3%B4tisserie+La+Fiamma/data=!4m2!3m1!1s0x4cc9233f5162a90d:0xfecbdf4da3df5335,,
Belvédère Outremont,Sunset spot,https://www.google.com/maps/place/Belv%C3%A9d%C3%A8re+Outremont/data=!4m2!3m1!1s0x4cc919894645f9c1:0x23c3b177e7a79ad9,,
Au spot,,https://www.google.com/maps/place/Au+spot/data=!4m2!3m1!1s0x4cc9190050abcbb3:0x1e536ce64eb11dbd,,
Le Petit Wellington,,https://www.google.com/maps/place/Le+Petit+Wellington/data=!4m2!3m1!1s0x4cc911004bf23a39:0x1a2cd7442520589c,,
Japote,,https://www.google.com/maps/place/Japote/data=!4m2!3m1!1s0x4cc91b001fbbcc1b:0x40f673b6f545399a,,
Darbar,,https://www.google.com/maps/place/Darbar/data=!4m2!3m1!1s0x4055328df63d06eb:0x34112e5e1ab804d0,,
India Rosa Griffintown,,https://www.google.com/maps/place/India+Rosa+Griffintown/data=!4m2!3m1!1s0x4cc91b373042a531:0x9a2eb151a9ea2f7,,
KhanJee Restaurant,,https://www.google.com/maps/place/KhanJee+Restaurant/data=!4m2!3m1!1s0x4cc93d2142409579:0x29879d09c4015f6a,,
L'Hamburger Laval (vimont),,https://www.google.com/maps/place/L'Hamburger+Laval+(vimont)/data=!4m2!3m1!1s0x4cc9210068cadd3f:0x1248f2ac8ce54ceb,,
Parma Café Laval,,https://www.google.com/maps/place/Parma+Caf%C3%A9+Laval/data=!4m2!3m1!1s0x4cc9230025fb12fd:0x69314babb241a09d,,
Crèmerie Meetha,,https://www.google.com/maps/place/Cr%C3%A8merie+Meetha/data=!4m2!3m1!1s0x4cc919522167ab01:0xed6c717d5e1bcdd0,,
L'Atelier Duo de Chef,,https://www.google.com/maps/place/L'Atelier+Duo+de+Chef/data=!4m2!3m1!1s0x4cc91fd8af2e0e51:0x6db5f86c0608790c,,
Allons Burger | Laval - Cure Labelle,,https://www.google.com/maps/place/Allons+Burger+%7C+Laval+-+Cure+Labelle/data=!4m2!3m1!1s0x4cc92182c833864b:0x91ca089e5ab0f102,,
Tropical Paradise,,https://www.google.com/maps/place/Tropical+Paradise/data=!4m2!3m1!1s0x4cc917584692480b:0x65f46bf656395059,,
BOSSA,,https://www.google.com/maps/place/BOSSA/data=!4m2!3m1!1s0x4cc9118fffcd416f:0x81eefd99699ad21a,,
Pita Pit,,https://www.google.com/maps/place/Pita+Pit/data=!4m2!3m1!1s0x4cc9254da08b818b:0x58993a79ac8c8197,,
Le Champ-de-Mars,,https://www.google.com/maps/place/Le+Champ-de-Mars/data=!4m2!3m1!1s0x4cc91a56ab367a2b:0x3bad44d5db64c293,,
Tiamo,,https://www.google.com/maps/place/Tiamo/data=!4m2!3m1!1s0x4cc91a48fb73ca27:0x8c8c4fa6a6f8e29d,,
Rendez-Vous Pointe-Claire,,https://www.google.com/maps/place/Rendez-Vous+Pointe-Claire/data=!4m2!3m1!1s0x4cc93feedf124ba9:0x7dc16dd3decd9c8a,,
Rendez-vous Bistro - Indian Cuisine Redefined,,https://www.google.com/maps/place/Rendez-vous+Bistro+-+Indian+Cuisine+Redefined/data=!4m2!3m1!1s0x4cc91b2220772ac9:0x9eb4a5797d800242,,
Pasta Pooks,,https://www.google.com/maps/place/Pasta+Pooks/data=!4m2!3m1!1s0x4cc9190022d2169b:0x3ac234c2d9895de8,,
Bar Dominion,,https://www.google.com/maps/place/Bar+Dominion/data=!4m2!3m1!1s0x4cc91a439431fac9:0x8343227049996dec,,
Al Quds Belanger,,https://www.google.com/maps/place/Al+Quds+Belanger/data=!4m2!3m1!1s0x4cc91946e332bc9d:0xfb00d45f79b2d992,,
AL QUDS Grill,,https://www.google.com/maps/place/AL+QUDS+Grill/data=!4m2!3m1!1s0x4cc93cad6413603d:0x7dea91d57ae50d8d,,
Fiore Gelato,,https://www.google.com/maps/place/Fiore+Gelato/data=!4m2!3m1!1s0x4cc919f0bfff634f:0xeacb306006f69b7,,
Onna Café,,https://www.google.com/maps/place/Onna+Caf%C3%A9/data=!4m2!3m1!1s0x4cc91b025e1d53ab:0x79c7f5cbb1aba934,,
Janette's Spicy Caribbean Food,,https://www.google.com/maps/place/Janette's+Spicy+Caribbean+Food/data=!4m2!3m1!1s0x4cc93cacea46a19b:0x5d22561c32a75759,,
Invisible Bar Montréal,,https://www.google.com/maps/place/Invisible+Bar+Montr%C3%A9al/data=!4m2!3m1!1s0x4cc91940b89f58b1:0xf7d6b6a30e5bd327,,
Musubi,,https://www.google.com/maps/place/Musubi/data=!4m2!3m1!1s0x4cc919e966f6f21b:0x23d05bc35a98a290,,
Rapids Park,,https://www.google.com/maps/place/Rapids+Park/data=!4m2!3m1!1s0x4cc911a71f2e29a3:0x99084003ca2f84ae,,
Roberto Gastronomia,,https://www.google.com/maps/place/Roberto+Gastronomia/data=!4m2!3m1!1s0x4cc9194882d8781b:0x61cc467d955e244a,,
Nöam Restaurant,,https://www.google.com/maps/place/N%C3%B6am+Restaurant/data=!4m2!3m1!1s0x4cc91994b71592f5:0xa607965183c79c12,,
"Pizzéria NO.900 - Peel, Montréal",,"https://www.google.com/maps/place/Pizz%C3%A9ria+NO.900+-+Peel,+Montr%C3%A9al/data=!4m2!3m1!1s0x4cc91a413aeefb7b:0xf8d107a122a6a3cb",,
Satay Brothers Resto 3721 Notre-Dame,,https://www.google.com/maps/place/Satay+Brothers+Resto+3721+Notre-Dame/data=!4m2!3m1!1s0x4cc91a78389aaeb9:0x1e2fd0066ff69cc9,,
Restaurant TILOS GRILL,,https://www.google.com/maps/place/Restaurant+TILOS+GRILL/data=!4m2!3m1!1s0x4cc917f08e70dbab:0xeb9d88c582507d,,
Samuel De Champlain bridge,,https://www.google.com/maps/place/Samuel+De+Champlain+bridge/data=!4m2!3m1!1s0x4cc905bfb8e2ebf3:0xe76d574da7bbe80b,,
Hoche Glacé,,https://www.google.com/maps/place/Hoche+Glac%C3%A9/data=!4m2!3m1!1s0x4cc91c73e6987bd9:0x92f43ee7640c47a5,,
Chez José Café,,https://www.google.com/maps/place/Chez+Jos%C3%A9+Caf%C3%A9/data=!4m2!3m1!1s0x4cc91bcc92b9af89:0x3d1820acade17b3e,,
Oorja,,https://www.google.com/maps/place/Oorja/data=!4m2!3m1!1s0x4cc911c8cfcf9f8f:0x32cff28d66f7e2c5,,
El Gordo Montréal,,https://www.google.com/maps/place/El+Gordo+Montr%C3%A9al/data=!4m2!3m1!1s0x4cc91a798a1de667:0x72307b6e04917302,,
maman,,https://www.google.com/maps/place/maman/data=!4m2!3m1!1s0x4cc91bf7cb69fbcf:0xa9f558b4f0803183,,
Restaurant Moccione,,https://www.google.com/maps/place/Restaurant+Moccione/data=!4m2!3m1!1s0x4cc919121bc31e87:0x1eaadd42721335e5,,
Messorem,,https://www.google.com/maps/place/Messorem/data=!4m2!3m1!1s0x4cc91123dfc19405:0x6397438a4593a2f6,,
TRAN Cantine Vietnamienne,,https://www.google.com/maps/place/TRAN+Cantine+Vietnamienne/data=!4m2!3m1!1s0x4cc9109bcbb9c2ff:0xced50f58ceb25c0,,
La Belle Tonki,,https://www.google.com/maps/place/La+Belle+Tonki/data=!4m2!3m1!1s0x4cc91938b54ff6a1:0xc2213cf2b19945f5,,
Casse-Croûte MangeDansMonHood,,https://www.google.com/maps/place/Casse-Cro%C3%BBte+MangeDansMonHood/data=!4m2!3m1!1s0x4cc919bc60f88fb3:0xa607b445f4eb2c40,,
Lulu Épicerie,,https://www.google.com/maps/place/Lulu+%C3%89picerie/data=!4m2!3m1!1s0x4cc91b9abcc8e855:0x59c5d206cd754283,,
Las Brasas Restaurant,,https://www.google.com/maps/place/Las+Brasas+Restaurant/data=!4m2!3m1!1s0x4cc9192f5714bbc9:0x479bd4d36d0a7209,,
Pollo Gustoso de Campagne(حلال :Halal),,https://www.google.com/maps/place/Pollo+Gustoso+de+Campagne(%D8%AD%D9%84%D8%A7%D9%84+:Halal)%E2%80%AD/data=!4m2!3m1!1s0x4cc91952d03076cb:0x3eddcdf05ab61c4e,,
Marven's Restaurant,,https://www.google.com/maps/place/Marven's+Restaurant/data=!4m2!3m1!1s0x4cc919065a057f95:0x68ae47360c0e1ab9,,
ZEEZ,,https://www.google.com/maps/place/ZEEZ/data=!4m2!3m1!1s0x4cc91b001e6da781:0x7fdd3e28623d5055,,
Laberge Marjorie,Amir address,https://www.google.com/maps/place/Laberge+Marjorie/data=!4m2!3m1!1s0x4cc91bd70c1c1ad9:0xc50ce56a9195d4b8,,
ukiya izakaya,,https://www.google.com/maps/place/ukiya+izakaya/data=!4m2!3m1!1s0x4cc91b567f45ad9b:0x9d3cceaa6f2f1bd7,,
Tacos Tin Tan,,https://www.google.com/maps/place/Tacos+Tin+Tan/data=!4m2!3m1!1s0x4cc91bcbaf739b35:0xd0a613bb8935b98,,
Pub Bishop & Bagg,,https://www.google.com/maps/place/Pub+Bishop+%26+Bagg/data=!4m2!3m1!1s0x4cc9197bff20a9b7:0xfcdf86010a51553e,,
Rôtisserie La Lune,,https://www.google.com/maps/place/R%C3%B4tisserie+La+Lune/data=!4m2!3m1!1s0x4cc919a3ff0bf77d:0xd4ab1f7f0366c43b,,
L’Estancia,"2 for 1 Margaritas on Tuesday 
Good tacos ",https://www.google.com/maps/place/L%E2%80%99Estancia/data=!4m2!3m1!1s0x4cc91b005cd68f39:0x7f12a667869329a5,,
L'hamburger,,https://www.google.com/maps/place/L'hamburger/data=!4m2!3m1!1s0x4cc9198af6d782ef:0xff2efd5fd9e150a8,,
OCHA,,https://www.google.com/maps/place/OCHA/data=!4m2!3m1!1s0x4cc91b19bbc752af:0x680b3909782634ba,,
Montreal Chinese Crepes & Dumplings,https://www.facebook.com/share/r/1C41K4bPH2/?mibextid=wwXIfr,https://www.google.com/maps/place/Montreal+Chinese+Crepes+%26+Dumplings/data=!4m2!3m1!1s0x4cc91728e1ca9f7f:0xa65f6ae8291886c9,,
CUP MTL,"Pub quiz 
$1.50 wings",https://www.google.com/maps/place/CUP+MTL/data=!4m2!3m1!1s0x4cc91b59d4bd906f:0x7ed5011554b24ca3,,
Kalbi BBQ,,https://www.google.com/maps/place/Kalbi+BBQ/data=!4m2!3m1!1s0x4cc91a51a3cb4397:0x95a50d57bd6d7d88,,
Capisco,,https://www.google.com/maps/place/Capisco/data=!4m2!3m1!1s0x4cc91b00698383d9:0xa71fb202ee47f4ef,,
Parma Café,,https://www.google.com/maps/place/Parma+Caf%C3%A9/data=!4m2!3m1!1s0x4cc91b71e213e5f1:0x96f6672589dfe18a,,
Parma Café,,https://www.google.com/maps/place/Parma+Caf%C3%A9/data=!4m2!3m1!1s0x4cc91a699400843b:0x97d47645c3700afc,,
Takumi Sushi,All you can eat sushi,https://www.google.com/maps/place/Takumi+Sushi/data=!4m2!3m1!1s0x4cc91bb504fc047b:0x641b0cedbc709c74,,
TACOS DON RIGO,,https://www.google.com/maps/place/TACOS+DON+RIGO/data=!4m2!3m1!1s0x4cc93b5909423f41:0xa966ba0787f18048,,
Sushi Yuu,,https://www.google.com/maps/place/Sushi+Yuu/data=!4m2!3m1!1s0x4cc93b8bf8c78909:0x77f5bdc36acac9ba,,
Le 30 Fevrier,,https://www.google.com/maps/place/Le+30+Fevrier/data=!4m2!3m1!1s0x4cc91bf00e185b63:0x7e1e5b3664ae52be,,
Restaurant Lima 14,,https://www.google.com/maps/place/Restaurant+Lima+14/data=!4m2!3m1!1s0x4cc919285a9ac091:0x3de564eead7900cf,,
9 Tail Fox,,https://www.google.com/maps/place/9+Tail+Fox/data=!4m2!3m1!1s0x4cc91bdc74d602e5:0x796358b5159c2550,,
Kwizinn,,https://www.google.com/maps/place/Kwizinn/data=!4m2!3m1!1s0x4cc911314028862f:0x4549991a41d017d3,,
ACHOURA DELI,,https://www.google.com/maps/place/ACHOURA+DELI/data=!4m2!3m1!1s0x4cc9254156650ccd:0xa74a17364d2b7c7f,,
Boulangerie Pain d'Épi,Bakery,https://www.google.com/maps/place/Boulangerie+Pain+d'%C3%89pi/data=!4m2!3m1!1s0x4cc91a71533c58a3:0x3d5d30d1c58bedf7,,
Aliments Viens,,https://www.google.com/maps/place/Aliments+Viens/data=!4m2!3m1!1s0x4cc91bd3790e64b5:0x8fe4586184f19a0f,,
Mitch Deli,,https://www.google.com/maps/place/Mitch+Deli/data=!4m2!3m1!1s0x4cc919d50c4d7bb7:0xeb1e10ea47852705,,
"Montreal, QC H4A 3J5",French class,"https://www.google.com/maps/place/Montreal,+QC+H4A+3J5/data=!4m2!3m1!1s0x4cc910afb022c33d:0x4d720f121667cd04",,
1239 Drummond St,Nice hotel,https://www.google.com/maps/place/1239+Drummond+St/data=!4m2!3m1!1s0x4cc91a423b96d383:0x22243bfe7a276fd6,,
Chocolaterie Chocomax,Ice cream ,https://www.google.com/maps/place/Chocolaterie+Chocomax/data=!4m2!3m1!1s0x4cc9183fed333905:0x3305bfa7d3cba107,,
Rosalind & Morris Goodman Cancer Institute,Parsa,https://www.google.com/maps/place/Rosalind+%26+Morris+Goodman+Cancer+Institute/data=!4m2!3m1!1s0x4cc91a39305da2d1:0xb0311553fdb64f00,,
Marché Victoria Orientale Regd,,https://www.google.com/maps/place/March%C3%A9+Victoria+Orientale+Regd/data=!4m2!3m1!1s0x4cc919dd0eeca1b7:0x360a6a3df0ce4cdb,,
Reuben's Deli & Steakhouse,,https://www.google.com/maps/place/Reuben's+Deli+%26+Steakhouse/data=!4m2!3m1!1s0x4cc91a43ce466bc9:0x55c05f4d966b86d2,,
"Marché Bazaar Westmount - Cuisine iranienne, Pâtisserie & Épicerie",,"https://www.google.com/maps/place/March%C3%A9+Bazaar+Westmount+-+Cuisine+iranienne,+P%C3%A2tisserie+%26+%C3%89picerie/data=!4m2!3m1!1s0x4cc91b6f3a861be7:0xde28353b230a9ef7",,
Marche Beau-Soir,,https://www.google.com/maps/place/Marche+Beau-Soir/data=!4m2!3m1!1s0x4cc91a6b0c3746ad:0x7ac000d0bff62126,,
Supermarché PA du Fort,,https://www.google.com/maps/place/Supermarch%C3%A9+PA+du+Fort/data=!4m2!3m1!1s0x4cc91a6c5ff514b3:0x38e835a2c5c124bc,,
"1575 Av. Summerhill, Montréal, QC H3H 1C5, Canada",Home,"https://www.google.com/maps/place/1575+Av.+Summerhill,+Montr%C3%A9al,+QC+H3H+1C5,+Canada/data=!4m2!3m1!1s0x4cc91bcfbc06d385:0xb25c1ceed11540b4",,
