Title,Note,URL,Tags,Comment
,,,,
Pub Bishop & Bagg,,https://www.google.com/maps/place/Pub+Bishop+%26+Bagg/data=!4m2!3m1!1s0x4cc9197bff20a9b7:0xfcdf86010a51553e,,
Rôtisserie La Lune,,https://www.google.com/maps/place/R%C3%B4tisserie+La+Lune/data=!4m2!3m1!1s0x4cc919a3ff0bf77d:0xd4ab1f7f0366c43b,,
Nonnina,,https://www.google.com/maps/place/Nonnina/data=!4m2!3m1!1s0x4cc9177008c61987:0xe35097aa38510b1f,,
Chez Simon Cantine Urbaine,Good smash burgers ,https://www.google.com/maps/place/Chez+Simon+Cantine+Urbaine/data=!4m2!3m1!1s0x4cc91b0076f77acf:0x345a260dc690e1ac,,
Bernies Pizza Martini Bar,,https://www.google.com/maps/place/Bernies+Pizza+Martini+Bar/data=!4m2!3m1!1s0x4cc93dc6f01c8807:0xb4d6e6fef649f5fd,,
L’Estancia,,https://www.google.com/maps/place/L%E2%80%99Estancia/data=!4m2!3m1!1s0x4cc91b005cd68f39:0x7f12a667869329a5,,
Jardin Nelson,,https://www.google.com/maps/place/Jardin+Nelson/data=!4m2!3m1!1s0x4cc91a5687fc59a5:0x13a640871938a0ee,,
Restaurant Krood - Pokés et Tartares,,https://www.google.com/maps/place/Restaurant+Krood+-+Pok%C3%A9s+et+Tartares/data=!4m2!3m1!1s0x4cc91bf158ae7f53:0x98561ff53870c705,,
Petinos Montréal-Nord,Kharlest recommended ,https://www.google.com/maps/place/Petinos+Montr%C3%A9al-Nord/data=!4m2!3m1!1s0x4cc91fae858029b5:0x3205c192bc41e209,,
2606 19th St #2606,,https://www.google.com/maps/place/2606+19th+St+%232606/data=!4m2!3m1!1s0x54a1b589ef7b4377:0xc6bdf20dde3e29be,,
Dino Sandwicherie,,https://www.google.com/maps/place/Dino+Sandwicherie/data=!4m2!3m1!1s0x4cc91ba497715a57:0x32e990b49cc7440f,,
Mitch Deli,,https://www.google.com/maps/place/Mitch+Deli/data=!4m2!3m1!1s0x4cc919d50c4d7bb7:0xeb1e10ea47852705,,
