Title,Note,URL,Tags,Comment
,,, Sandwich; Pub grub,
Salt Hank’s,https://vm.tiktok.com/ZNRkJRB3U/,https://www.google.com/maps/place/Salt+Hank%E2%80%99s/data=!4m2!3m1!1s0x89c2590054077ddf:0xc59a5863de2cacbe, Sandwich,
The Long Hall Pub & Grocery,https://vm.tiktok.com/ZNRrXrxCK/,https://www.google.com/maps/place/The+Long+Hall+Pub+%26+Grocery/data=!4m2!3m1!1s0x89c2590784cd42a9:0x8bea457c98ae3622, Pub grub,
Caravan Restaurant & Coffee,"Uzbek Korean food

https://vm.tiktok.com/ZNR6DRbYD/",https://www.google.com/maps/place/Caravan+Restaurant+%26+Coffee/data=!4m2!3m1!1s0x89c24ee2e50cc7a7:0x21b8973ecf92651a,,
Benji's Buns,"Cinnamon Rolls
https://vm.tiktok.com/ZNR2p4ef1/",https://www.google.com/maps/place/Benji's+Buns/data=!4m2!3m1!1s0x89c259d38abdc8f9:0x60c5cb86d170eefb,,
KAL,https://vm.tiktok.com/ZNR2bRwwd/,https://www.google.com/maps/place/KAL/data=!4m2!3m1!1s0x89c25fd21d16bf2b:0x15ffb34b4e752051,,
Golden Diner,,https://www.google.com/maps/place/Golden+Diner/data=!4m2!3m1!1s0x89c25bb8f896e9d7:0x3783be16e6af1ced,,
41-49 Kissena Blvd,"Chinese Hamburger 

https://vm.tiktok.com/ZNR8nDQGS/",https://www.google.com/maps/place/41-49+Kissena+Blvd/data=!4m2!3m1!1s0x89c26011f49c5fdb:0x6d0fcd3ff25e7ece,,
S&P Lunch,,https://www.google.com/maps/place/S%26P+Lunch/data=!4m2!3m1!1s0x89c259af7859cec3:0xd49f9be0fee3f52d,,
"Krispy Pizza- Brooklyn, NY",,"https://www.google.com/maps/place/Krispy+Pizza-+Brooklyn,+NY/data=!4m2!3m1!1s0x89c2453f77b27215:0x67f073afe1bf719c",,
The Sandwich Board,,https://www.google.com/maps/place/The+Sandwich+Board/data=!4m2!3m1!1s0x89c2590e02c0dd65:0x1514b8836f32a13e,,
Peter Pan Donut & Pastry Shop,,https://www.google.com/maps/place/Peter+Pan+Donut+%26+Pastry+Shop/data=!4m2!3m1!1s0x89c259441e231f7d:0x53866a30cd645982,,
20 Gram Cafe,$2 smash burgers ,https://www.google.com/maps/place/20+Gram+Cafe/data=!4m2!3m1!1s0x89c25933244b63a1:0xa3c5df3e9a7495f3,,
Le Relais de Venise L'Entrecôte,Unlimited steak and fries ,https://www.google.com/maps/place/Le+Relais+de+Venise+L'Entrec%C3%B4te/data=!4m2!3m1!1s0x89c2598b7fb2d053:0x8fef1b2874c80818,,
Chef CBTM Bistro,Pani puri and chapati ,https://www.google.com/maps/place/Chef+CBTM+Bistro/data=!4m2!3m1!1s0x89c25f4e2e104107:0xff02efb2585bb6d8,,
GupShup,,https://www.google.com/maps/place/GupShup/data=!4m2!3m1!1s0x89c2599ecdaf86bd:0xf9a5ed1086f70805,,
OldSportFood,,https://www.google.com/maps/place/OldSportFood/data=!4m2!3m1!1s0x89c25fe5ff3036f3:0x636cc24de5f6cc7c,,
Lucky Chix,,https://www.google.com/maps/place/Lucky+Chix/data=!4m2!3m1!1s0x89c25d66cf0e5633:0x9a2dea9ea4b2039,,
Eyval,,https://www.google.com/maps/place/Eyval/data=!4m2!3m1!1s0x89c25df09384d347:0xbad6c82da6650cf5,,
CHADA NYC,,https://www.google.com/maps/place/CHADA+NYC/data=!4m2!3m1!1s0x89c25900043614e3:0x39f607531d60a972,,
Great NY Noodletown,https://vm.tiktok.com/ZNdwgH9Bj/,https://www.google.com/maps/place/Great+NY+Noodletown/data=!4m2!3m1!1s0x89c25a26531815c7:0x2ac264f74bc5f997,,
Pecking House Chinatown,Asian Fried chicken ,https://www.google.com/maps/place/Pecking+House+Chinatown/data=!4m2!3m1!1s0x89c25b40ee334789:0xd9aadcf259c07a26,,
Mama's TOO! Pizzeria West Village,,https://www.google.com/maps/place/Mama's+TOO!+Pizzeria+West+Village/data=!4m2!3m1!1s0x89c2590062ae6aef:0x48a50aec455a2736,,
Crispy Karma,,https://www.google.com/maps/place/Crispy+Karma/data=!4m2!3m1!1s0x89c259cc4f202b63:0x43d7335033fe3378,,
Birria-Landia,$3.50 per taco,https://www.google.com/maps/place/Birria-Landia/data=!4m2!3m1!1s0x89c25f48c9d506d3:0x7ec33cdd7d936877,,
Tacos del Barrio,,https://www.google.com/maps/place/Tacos+del+Barrio/data=!4m2!3m1!1s0x89c25b6514655f9f:0xe9d2014f7e343f10,,
Nonna's Pizza Great Kills,,https://www.google.com/maps/place/Nonna's+Pizza+Great+Kills/data=!4m2!3m1!1s0x89c24bb9d7c2258b:0xd6b6edf62c71ca76,,
Adel's Famous Halal Food,,https://www.google.com/maps/place/Adel's+Famous+Halal+Food/data=!4m2!3m1!1s0x89c258ff31b51735:0x8e1154cea25d10bf,,
Chubby Skewers｜Authentic Chinese BBQ,$1 meat skewers (cook on your own),https://www.google.com/maps/place/Chubby+Skewers%EF%BD%9CAuthentic+Chinese+BBQ/data=!4m2!3m1!1s0x89c25932d9ab708f:0x4a5812fd693eaeb4,,
The Mark Hotel,Outside there is a hotdog cart serving good hotdogs for $6 with a kimchi relish ,https://www.google.com/maps/place/The+Mark+Hotel/data=!4m2!3m1!1s0x89c2589444a2835d:0x30587ad473b7589b,,
Lululala,"$7 Korean fries chicken, rice, sauce and salad",https://www.google.com/maps/place/Lululala/data=!4m2!3m1!1s0x89c25b002d8ff057:0xdc91fa3c7c2d90cd,,
Pitt's,,https://www.google.com/maps/place/Pitt's/data=!4m2!3m1!1s0x89c25b0079f8281b:0xf1e2e9f0bfb8c9d2,,
Los Burritos Juarez,,https://www.google.com/maps/place/Los+Burritos+Juarez/data=!4m2!3m1!1s0x89c25b3a4c7bce69:0x4f5292dcb8cec904,,
Mei Lai Wah,Roast pork buns like the pineapple pork bun ,https://www.google.com/maps/place/Mei+Lai+Wah/data=!4m2!3m1!1s0x89c25a2706a57733:0x2a57a93e7c2a324,,
Wah Fung No.1 Fast Food,Roast posts over rice $5.75,https://www.google.com/maps/place/Wah+Fung+No.1+Fast+Food/data=!4m2!3m1!1s0x89c25987ffa99e09:0xfbce3ee954c0d58a,,
Sun Hing Lung,Steamed rice rolls $2.50,https://www.google.com/maps/place/Sun+Hing+Lung/data=!4m2!3m1!1s0x89c25a260391e619:0xc8c3c322126afc6e,,
Shu Jiao Fu Zhou,$3.25 wheat noodle with peanut butter sauce,https://www.google.com/maps/place/Shu+Jiao+Fu+Zhou/data=!4m2!3m1!1s0x89c25987a0baabdd:0x2982dbd963919b46,,
Jin Mei Dumpling,,https://www.google.com/maps/place/Jin+Mei+Dumpling/data=!4m2!3m1!1s0x89c25a267187f46f:0x2b1202c2fc52dab5,,
West Rice Roll King 西关肠粉王,https://vm.tiktok.com/ZNdvpdbRY/,https://www.google.com/maps/place/West+Rice+Roll+King+%E8%A5%BF%E5%85%B3%E8%82%A0%E7%B2%89%E7%8E%8B/data=!4m2!3m1!1s0x89c25b474b69cabf:0x4eed938460af7dae,,
LOS TACOS No.1,,https://www.google.com/maps/place/LOS+TACOS+No.1/data=!4m2!3m1!1s0x89c2593a04e62653:0xbf92982681b06bd5,,
Levain Bakery,,https://www.google.com/maps/place/Levain+Bakery/data=!4m2!3m1!1s0x89c259cbc4547a75:0xdbba7ba0538ddab,,
Leon's Bagels,,https://www.google.com/maps/place/Leon's+Bagels/data=!4m2!3m1!1s0x89c25967b0b5a6d1:0x224d8dcf732be8f4,,
Fluffies Hot Chicken - Midtown,Mac and cheese and chicken combo ,https://www.google.com/maps/place/Fluffies+Hot+Chicken+-+Midtown/data=!4m2!3m1!1s0x89c259b888636003:0xc031a040ae727d5c,,
Claude Bakery (NYC),"https://vm.tiktok.com/ZNdvg2DtE/
Cinnamon rolls",https://www.google.com/maps/place/Claude+Bakery+(NYC)/data=!4m2!3m1!1s0x89c25993f3bad1df:0x2afe2b8cad265add,,
Okinii,https://vm.tiktok.com/ZNdvgNJQ2/,https://www.google.com/maps/place/Okinii/data=!4m2!3m1!1s0x89c25991c0f50a25:0x4ff4555ccb034f0f,,
Fonty’s Deli + Dukaan,Chicken tikka masala sandwich ,https://www.google.com/maps/place/Fonty%E2%80%99s+Deli+%2B+Dukaan/data=!4m2!3m1!1s0x89c2592755d48cef:0xbfbe611d3c78178,,
Peter Luger Steak House,,https://www.google.com/maps/place/Peter+Luger+Steak+House/data=!4m2!3m1!1s0x89c289eb2f4b7129:0x1747e8ed2f396110,,
Son del North,https://vm.tiktok.com/ZNd7KUAsY/,https://www.google.com/maps/place/Son+del+North/data=!4m2!3m1!1s0x89c259579b21ca5d:0x5f6618b7bf920ffb,,
Mimmo’s Pizza Shoppe,,https://www.google.com/maps/place/Mimmo%E2%80%99s+Pizza+Shoppe/data=!4m2!3m1!1s0x89c24bb2bb6a0e1f:0xbb1b1a4610e3c03b,,
Taco Mahal,,https://www.google.com/maps/place/Taco+Mahal/data=!4m2!3m1!1s0x89c25939e5edc48d:0x21f1a0088e1faa20,,
Taco Mahal,,https://www.google.com/maps/place/Taco+Mahal/data=!4m2!3m1!1s0x89c259939e98e71b:0x4d4ea6942d64831e,,
Nonnas of the World,,https://www.google.com/maps/place/Nonnas+of+the+World/data=!4m2!3m1!1s0x89c24e2d2c37a5e1:0x330ab12b954d84e3,,
