Title,Note,URL,Tags,Comment
,,, Pizza; Sandwich; Shawarma; Tacos,
After Hours,https://vm.tiktok.com/ZNRh9ku7L/,https://www.google.com/maps/place/After+Hours/data=!4m2!3m1!1s0x4cce05f3aa499c61:0x22c6402cedee8053,,
Pizza Nerds (Centretown),https://vm.tiktok.com/ZNRh9Sycg/,https://www.google.com/maps/place/Pizza+Nerds+(Centretown)/data=!4m2!3m1!1s0x4cce05b1b98f8cad:0x3821ebbdb927c2e9, Pizza,
Di Rienzo's Grocery,https://vm.tiktok.com/ZNRrecmuE/,https://www.google.com/maps/place/Di+Rienzo's+Grocery/data=!4m2!3m1!1s0x4cce0433f2f2d4d1:0x744fda67ce395cd3, Sandwich,
Shawarma AL MOUNA,https://vm.tiktok.com/ZNRrevVW6/,https://www.google.com/maps/place/Shawarma+AL+MOUNA/data=!4m2!3m1!1s0x4cce05b0b34c84dd:0xbabf4c8c89555d22, Shawarma,
MJ POKE & ROLL,,https://www.google.com/maps/place/MJ+POKE+%26+ROLL/data=!4m2!3m1!1s0x4cce05b792a35755:0x1ab1a4f071004a68,,
Cadmans Montreal Bagels,https://vm.tiktok.com/ZNRjEyLQf/,https://www.google.com/maps/place/Cadmans+Montreal+Bagels/data=!4m2!3m1!1s0x4cce0514ceae07c1:0xa866fcee2c4c7f79, Tacos,
Chick-fil-A,,https://www.google.com/maps/place/Chick-fil-A/data=!4m2!3m1!1s0x4cce05cec0e157cd:0x5e2d201adc5b241a,,
ByWard Market,,https://www.google.com/maps/place/ByWard+Market/data=!4m2!3m1!1s0x4cce050261d6c9c7:0xc02283c07a3b83a2,,
Lil Z's Pizza,https://vm.tiktok.com/ZNRYyL7No/,https://www.google.com/maps/place/Lil+Z's+Pizza/data=!4m2!3m1!1s0x4cce050f16fc4a6d:0x31efb838d5e4afc3,,
Skinny George's Smash Burgers & cheesesteaks,https://vm.tiktok.com/ZNRYyeLFj/,https://www.google.com/maps/place/Skinny+George's+Smash+Burgers+%26+cheesesteaks/data=!4m2!3m1!1s0x4cce0f2208b22317:0x3fcd9919e910ea7e,,
Happy Rolls,,https://www.google.com/maps/place/Happy+Rolls/data=!4m2!3m1!1s0x4cce053e54f364eb:0x5ae0b0fb626aff8e,,
Shawarma Palace,Crispy shawarma ,https://www.google.com/maps/place/Shawarma+Palace/data=!4m2!3m1!1s0x4cce08ec06a83677:0x67ea4daa97a069f7,,
Ottawa Shawarma,https://vm.tiktok.com/ZNRYUs4DW/,https://www.google.com/maps/place/Ottawa+Shawarma/data=!4m2!3m1!1s0x4cce070050cf7faf:0xa105ba63a8103663,,
Table SODAM,,https://www.google.com/maps/place/Table+SODAM/data=!4m2!3m1!1s0x4cce05e6208b2351:0xa9383560e964cc2,,
Lola's Kitchen,,https://www.google.com/maps/place/Lola's+Kitchen/data=!4m2!3m1!1s0x4cce09f495498d21:0xabff19bf66b9966c,,
JJ's Wings,,https://www.google.com/maps/place/JJ's+Wings/data=!4m2!3m1!1s0x4cce0713eebfefc5:0x28cf4d4f8fbf0970,,
Smash Daddy - Centretown,,https://www.google.com/maps/place/Smash+Daddy+-+Centretown/data=!4m2!3m1!1s0x4cce05b2369bb66b:0x588e6c7c96a34143,,
Chez Lucien,,https://www.google.com/maps/place/Chez+Lucien/data=!4m2!3m1!1s0x4cce04fd5ee7e299:0xa3876bc5300f0c27,,
Heartbreakers Pizza - Parkdale Ave,,https://www.google.com/maps/place/Heartbreakers+Pizza+-+Parkdale+Ave/data=!4m2!3m1!1s0x4cce054909cb42a7:0x281d63db54a3d982,,
African BBQ House,Grilled chicken ,https://www.google.com/maps/place/African+BBQ+House/data=!4m2!3m1!1s0x4cce13050b754dd3:0xb0d7983147cf416c,,
Dumpling Bliss Ottawa 幸福饺子馆,,https://www.google.com/maps/place/Dumpling+Bliss+Ottawa+%E5%B9%B8%E7%A6%8F%E9%A5%BA%E5%AD%90%E9%A6%86/data=!4m2!3m1!1s0x4cce0548d55d53f3:0xfbcee2c16e63c9b2,,
