Title,Note,URL,Tags,Comment
,,, Burger; BBQ; Italian; Cafe; Indian; Chinese; Pizza; Steak,
General Public Restaurant,https://vm.tiktok.com/ZNRh9B12F/,https://www.google.com/maps/place/General+Public+Restaurant/data=!4m2!3m1!1s0x882b35007baf4043:0xf6e1923a03bcc77f, Burger,
Benny's Barbecue | Order Direct bennysbarbecue.ca,,https://www.google.com/maps/place/Benny's+Barbecue+%7C+Order+Direct+bennysbarbecue.ca/data=!4m2!3m1!1s0x882b33016ec7790b:0x30eba63250d42e6c, BBQ,
The Bell & The Beacon,,https://www.google.com/maps/place/The+Bell+%26+The+Beacon/data=!4m2!3m1!1s0x882b3514a287252b:0xe8239bc0488206f4, Italian,
Scaddabush Italian Kitchen & Bar Front Street,,https://www.google.com/maps/place/Scaddabush+Italian+Kitchen+%26+Bar+Front+Street/data=!4m2!3m1!1s0x882b34d154e314f5:0xeadf3928f3047bdb, Italian,
Snowday Bingsu Cafe (Bloor),https://vm.tiktok.com/ZNRM2Vxch/,https://www.google.com/maps/place/Snowday+Bingsu+Cafe+(Bloor)/data=!4m2!3m1!1s0x882b358205874f37:0xec6ccfa321b1441e, Cafe,
Gyodong Restaurant,https://vm.tiktok.com/ZNRM2Vxch/,https://www.google.com/maps/place/Gyodong+Restaurant/data=!4m2!3m1!1s0x882b351eabf4e3f3:0x84e43d74fd753a6d, Chinese,
POPpadum,https://vm.tiktok.com/ZNRM2Vxch/,https://www.google.com/maps/place/POPpadum/data=!4m2!3m1!1s0x882b35648c67fa05:0xb214a3306caf6db4, Indian,
Bar Sugo,Italian,https://www.google.com/maps/place/Bar+Sugo/data=!4m2!3m1!1s0x882b3522b1d92319:0x1026aa3baaa8aab0, Pizza,
Hi Bowl Malatang,,https://www.google.com/maps/place/Hi+Bowl+Malatang/data=!4m2!3m1!1s0x882b350025bf1457:0x9393145a83b9b564, Chinese,
Pizzeria Badiali,,https://www.google.com/maps/place/Pizzeria+Badiali/data=!4m2!3m1!1s0x882b35a1614407b9:0xcb1a69361f90bf49, Pizza,
Paris Steak,https://vm.tiktok.com/ZNRM2Vxch/,https://www.google.com/maps/place/Paris+Steak/data=!4m2!3m1!1s0x882b35ad7ea15633:0x49a24abc9a088dde, Steak,
Crown & Dragon,,https://www.google.com/maps/place/Crown+%26+Dragon/data=!4m2!3m1!1s0x882b34aece665d0b:0x89cedc3b60df4ec2,,
Qin's Garden,,https://www.google.com/maps/place/Qin's+Garden/data=!4m2!3m1!1s0x882b35c3c1a3ff53:0x8d8e0c859776865d,,
Honestly Good Chicken Fingers,,https://www.google.com/maps/place/Honestly+Good+Chicken+Fingers/data=!4m2!3m1!1s0x882b3500603f44b7:0xb818954dc858fb75,,
Cafe Paradise,Pancake,https://www.google.com/maps/place/Cafe+Paradise/data=!4m2!3m1!1s0x882b352b81702055:0xa1651c9e295d3214,,
Kajiken,,https://www.google.com/maps/place/Kajiken/data=!4m2!3m1!1s0x882b2d0000ba4365:0x3d7067ac50bcd361,,
General An Potsticker 安西都護,,https://www.google.com/maps/place/General+An+Potsticker+%E5%AE%89%E8%A5%BF%E9%83%BD%E8%AD%B7/data=!4m2!3m1!1s0x882b2d0c2b5b116f:0xcadfbcf4f1c1d881,,
Yummy Yummy Dumplings,https://vm.tiktok.com/ZNRePdFWs/,https://www.google.com/maps/place/Yummy+Yummy+Dumplings/data=!4m2!3m1!1s0x882b34c46bfa9243:0xcfa5e7db83d77151,,
Martine's Wine Bar,,https://www.google.com/maps/place/Martine's+Wine+Bar/data=!4m2!3m1!1s0x882b350049627c33:0xf5aa5e8b9c9dcccc,,
Burdock Brewery & Music Hall,,https://www.google.com/maps/place/Burdock+Brewery+%26+Music+Hall/data=!4m2!3m1!1s0x882b34435c34cc25:0x14da5a68ca57cf6d,,
Chubby's Jamaican Kitchen,,https://www.google.com/maps/place/Chubby's+Jamaican+Kitchen/data=!4m2!3m1!1s0x882b34de6592cc43:0x8c64c2d1d7abf541,,
Butter & Blue,,https://www.google.com/maps/place/Butter+%26+Blue/data=!4m2!3m1!1s0x882b35b849e5a4a7:0xd202f86a43b6dc5,,
Patois,,https://www.google.com/maps/place/Patois/data=!4m2!3m1!1s0x882b34e8ac01f0ff:0x901c76c06ed7ca44,,
Alforat Iraqi Street Food,,https://www.google.com/maps/place/Alforat+Iraqi+Street+Food/data=!4m2!3m1!1s0x882b43f6b93a469b:0x3e7e2db7248cad77,,
Albert's Real Jamaican Foods,,https://www.google.com/maps/place/Albert's+Real+Jamaican+Foods/data=!4m2!3m1!1s0x882b4611586a0145:0x8cfd04fb532eba1a,,
"Nice Slice - Hot Pizza, Cold Drinks",,"https://www.google.com/maps/place/Nice+Slice+-+Hot+Pizza,+Cold+Drinks/data=!4m2!3m1!1s0x882b35ff0aee063d:0x5f6460572b2f70c",,
Danny's Pizza Tavern,,https://www.google.com/maps/place/Danny's+Pizza+Tavern/data=!4m2!3m1!1s0x882b356eed1fd141:0xb5628c6158f9abeb,,
Comal y Canela,,https://www.google.com/maps/place/Comal+y+Canela/data=!4m2!3m1!1s0x882b31235534bfbb:0x7ed9955260f3a746,,
Slider Station,https://vm.tiktok.com/ZNdGMqVa9/,https://www.google.com/maps/place/Slider+Station/data=!4m2!3m1!1s0x89d4d3c267648ae7:0x3b9adceb628db3e1,,
When The Pig Came Home Delicatessen,,https://www.google.com/maps/place/When+The+Pig+Came+Home+Delicatessen/data=!4m2!3m1!1s0x882b369fd91bffff:0x3edf1ddcd00380d6,,
SugarKane,,https://www.google.com/maps/place/SugarKane/data=!4m2!3m1!1s0x89d4cdfa4d83a7d9:0xad3026d55f0d4fb4,,
Old Nassau Authentic Bahamian Cuisine,,https://www.google.com/maps/place/Old+Nassau+Authentic+Bahamian+Cuisine/data=!4m2!3m1!1s0x882b31103cce79f1:0x920fb2e1df5e7e1b,,
9 Mile Jamaican and International Cuisine,,https://www.google.com/maps/place/9+Mile+Jamaican+and+International+Cuisine/data=!4m2!3m1!1s0x882b35782eda3a49:0x735ec6bba27fa7b2,,
The Fourth Man in the Fire Pizzeria,,https://www.google.com/maps/place/The+Fourth+Man+in+the+Fire+Pizzeria/data=!4m2!3m1!1s0x882b35b80fe171e1:0x5cb6aaf6be90f5c8,,
Alfie’s Sandwiches+Market,,https://www.google.com/maps/place/Alfie%E2%80%99s+Sandwiches%2BMarket/data=!4m2!3m1!1s0x882b35bf00d49759:0xa4d212b3127867e3,,
Maha's Brunch,,https://www.google.com/maps/place/Maha's+Brunch/data=!4m2!3m1!1s0x89d4cb87425a3785:0x69e784b0e064740c,,
Le Swan,,https://www.google.com/maps/place/Le+Swan/data=!4m2!3m1!1s0x882b34fcd9b13e83:0xfc7b15e9d6a56c65,,
